股票代碼,名稱,成交量,收盤價,漲跌,市場,日期,漲幅(%)
0050,元大台灣50,113976137.0,73.95,-1.5,上市,,-1.99
0051,元大中型100,96469.0,108.05,-0.7,上市,,-0.64
0052,富邦科技,33332017.0,43.82,-0.91,上市,,-2.03
0053,元大電子,9562.0,165.95,-2.2,上市,,-1.31
0055,元大MSCI金融,52030.0,32.52,-0.06,上市,,-0.18
0056,元大高股息,142688419.0,37.82,-0.29,上市,,-0.76
0057,富邦摩台,116348.0,219.45,-5.9,上市,,-2.62
0061,元大寶滬深,62165.0,23.03,-0.14,上市,,-0.6
006203,元大MSCI台灣,7365.0,135.0,-2.05,上市,,-1.5
006204,永豐臺灣加權,1999.0,166.05,-2.4,上市,,-1.42
006205,富邦上証,247288.0,39.24,-0.38,上市,,-0.96
006206,元大上證50,8572.0,36.25,-0.3,上市,,-0.82
006207,復華滬深,114550.0,30.86,-0.24,上市,,-0.77
006208,富邦台50,3309582.0,171.6,-3.7,上市,,-2.11
00631L,元大台灣50正2,289231883.0,20.0,-1.0,上市,,-4.76
00632R,元大台灣50反1,138133676.0,14.49,0.35,上市,,2.48
00633L,富邦上証正2,2327873.0,45.86,-0.92,上市,,-1.97
00634R,富邦上証反1,342000.0,3.32,0.05,上市,,1.53
00635U,期元大S&P黃金,11069027.0,49.34,-0.08,上市,,-0.16
00636,國泰中國A50,338966.0,26.8,-0.17,上市,,-0.63
00636K,國泰中國A50+U,200.0,8.46,-0.01,上市,,-0.12
00637L,元大滬深300正2,23381828.0,18.99,-0.35,上市,,-1.81
00638R,元大滬深300反1,112120.0,7.12,0.08,上市,,1.14
00639,富邦深100,749327.0,15.46,-0.13,上市,,-0.83
00640L,富邦日本正2,1216151.0,86.1,-2.25,上市,,-2.55
00641R,富邦日本反1,1964228.0,4.23,0.05,上市,,1.2
00642U,期元大S&P石油,53507135.0,28.48,0.76,上市,,2.74
00643,群益深証中小,2592840.0,17.62,-0.15,上市,,-0.84
00645,富邦日本,155092.0,50.95,-0.6,上市,,-1.16
00646,元大S&P500,3706462.0,65.45,-0.3,上市,,-0.46
00647L,元大S&P500正2,134946.0,103.4,-1.75,上市,,-1.66
00648R,元大S&P500反1,1787600.0,4.63,0.05,上市,,1.09
00650L,復華香港正2,3447917.0,16.4,-0.52,上市,,-3.07
00651R,復華香港反1,649979.0,5.45,0.1,上市,,1.87
00652,富邦印度,682326.0,31.52,-0.66,上市,,-2.05
00653L,富邦印度正2,918614.0,40.95,-2.15,上市,,-4.99
00654R,富邦印度反1,175385.0,7.39,0.22,上市,,3.07
00655L,國泰中國A50正2,968179.0,31.93,-0.63,上市,,-1.93
00656R,國泰中國A50反1,517010.0,6.28,0.04,上市,,0.64
00657,國泰日經225,261372.0,62.1,-1.25,上市,,-1.97
00657K,國泰日經225+U,200.0,19.54,-0.25,上市,,-1.26
00660,元大歐洲50,6229.0,40.7,-0.71,上市,,-1.71
00661,元大日經225,56139.0,68.1,-1.2,上市,,-1.73
00662,富邦NASDAQ,5346997.0,97.15,-0.85,上市,,-0.87
00663L,國泰臺灣加權正2,19871027.0,57.3,-2.85,上市,,-4.74
00664R,國泰臺灣加權反1,26231879.0,2.35,0.06,上市,,2.62
00665L,富邦恒生國企正2,20928821.0,9.31,-0.28,上市,,-2.92
00666R,富邦恒生國企反1,347020.0,9.4,0.16,上市,,1.73
00668,國泰美國道瓊,23879.0,53.85,-0.3,上市,,-0.55
00668K,國泰美國道瓊+U,200.0,17.0,0.08,上市,,0.47
00669R,國泰美國道瓊反1,3462771.0,6.01,0.07,上市,,1.18
00670L,富邦NASDAQ正2,2096421.0,136.65,-2.6,上市,,-1.87
00671R,富邦NASDAQ反1,8719979.0,3.07,0.05,上市,,1.66
00673R,期元大S&P原油反1,43196596.0,16.2,-0.81,上市,,-4.76
00674R,期元大S&P黃金反1,876244.0,5.3,0.02,上市,,0.38
00675L,富邦臺灣加權正2,5015318.0,173.75,-8.75,上市,,-4.79
00676R,富邦臺灣加權反1,5540557.0,7.95,0.15,上市,,1.92
00678,群益那斯達克生技,238117.0,35.65,-0.29,上市,,-0.81
00680L,元大美債20正2,19613079.0,7.0,-0.15,上市,,-2.1
00681R,元大美債20反1,51000.0,21.11,0.2,上市,,0.96
00682U,期元大美元指數,15008.0,20.55,0.11,上市,,0.54
00683L,期元大美元指正2,371688.0,21.65,0.15,上市,,0.7
00684R,期元大美元指反1,51000.0,15.26,0.0,上市,,0.0
00685L,群益臺灣加權正2,2113056.0,156.6,-7.6,上市,,-4.63
00686R,群益臺灣加權反1,9280700.0,1.43,0.03,上市,,2.14
00688L,國泰20年美債正2,9191053.0,6.99,-0.14,上市,,-1.96
00689R,國泰20年美債反1,2000.0,22.09,0.25,上市,,1.14
00690,兆豐藍籌30,224121.0,51.0,-1.0,上市,,-1.92
00692,富邦公司治理,1315392.0,65.25,-1.3,上市,,-1.95
00693U,期街口S&P黃豆,1106607.0,22.17,0.07,上市,,0.32
00700,富邦恒生國企,66252.0,17.2,-0.2,上市,,-1.15
00701,國泰股利精選30,1057403.0,28.73,-0.16,上市,,-0.55
00702,國泰標普低波高息,105769.0,23.75,0.0,上市,,0.0
00703,台新MSCI中國,20440.0,20.2,-0.02,上市,,-0.1
00706L,期元大S&P日圓正2,1214468.0,19.48,-0.11,上市,,-0.56
00707R,期元大S&P日圓反1,4000.0,32.06,0.0,上市,,0.0
00708L,期元大S&P黃金正2,11687699.0,98.1,-0.45,上市,,-0.46
00709,富邦歐洲,156958.0,36.37,-0.48,上市,,-1.3
00710B,復華彭博非投等債,152919.0,18.9,0.03,上市,,0.16
00711B,復華彭博新興債,163574.0,15.94,-0.05,上市,,-0.31
00712,復華富時不動產,15338479.0,8.61,-0.1,上市,,-1.15
00713,元大台灣高息低波,5413054.0,51.35,-0.15,上市,,-0.29
00714,群益道瓊美國地產,114115.0,20.34,0.06,上市,,0.3
00715L,期街口布蘭特正2,53837153.0,61.7,2.8,上市,,4.75
00717,富邦美國特別股,37232.0,14.86,0.03,上市,,0.2
00728,第一金工業30,341337.0,42.99,-1.2,上市,,-2.72
00730,富邦臺灣優質高息,265022.0,22.2,-0.16,上市,,-0.72
00731,復華富時高息低波,608926.0,70.75,0.15,上市,,0.21
00733,富邦臺灣中小,840168.0,55.05,-0.8,上市,,-1.43
00735,國泰臺韓科技,1796373.0,64.35,-2.15,上市,,-3.23
00736,國泰新興市場,192258.0,27.26,-0.59,上市,,-2.12
00737,國泰AI機器人,61354.0,32.0,-0.35,上市,,-1.08
00738U,期元大道瓊白銀,11424602.0,58.55,-2.3,上市,,-3.78
00739,元大MSCI A股,48368.0,26.68,-0.06,上市,,-0.22
00752,中信中國50,988681.0,23.64,-0.33,上市,,-1.38
00753L,中信中國50正2,11644545.0,10.03,-0.31,上市,,-3.0
00757,統一FANG+,1594415.0,104.15,-0.95,上市,,-0.9
00762,元大全球AI,233059.0,79.7,-0.1,上市,,-0.13
00763U,期街口道瓊銅,2128995.0,30.21,-0.45,上市,,-1.47
00770,國泰北美科技,398837.0,49.7,-0.25,上市,,-0.5
00771,元大US高息特別股,8204.0,16.01,0.09,上市,,0.57
00775B,新光投等債15+,81041.0,32.5,-0.15,上市,,-0.46
00783,富邦中証500,52087.0,27.1,-0.39,上市,,-1.42
00830,國泰費城半導體,10393680.0,53.8,-0.3,上市,,-0.55
00850,元大臺灣ESG永續,898985.0,61.55,-0.95,上市,,-1.52
00851,台新全球AI,6742.0,53.6,-0.75,上市,,-1.38
00852L,國泰美國道瓊正2,1261519.0,27.6,-0.45,上市,,-1.6
00861,元大全球未來通訊,307559.0,63.3,-0.55,上市,,-0.86
00865B,國泰US短期公債,1679894.0,48.49,0.14,上市,,0.29
00875,國泰網路資安,44321.0,38.01,0.08,上市,,0.21
00876,元大全球5G,319901.0,61.35,-0.4,上市,,-0.65
00878,國泰永續高股息,49885438.0,22.03,-0.27,上市,,-1.21
00881,國泰台灣科技龍頭,13246263.0,36.08,-0.78,上市,,-2.12
00882,中信中國高股息,4284254.0,15.49,-0.04,上市,,-0.26
00885,富邦越南,2635208.0,17.5,-0.07,上市,,-0.4
00891,中信關鍵半導體,10471863.0,23.56,-0.48,上市,,-2.0
00892,富邦台灣半導體,3227630.0,28.58,-0.64,上市,,-2.19
00893,國泰智能電動車,1341596.0,32.99,-0.24,上市,,-0.72
00894,中信小資高價30,2912551.0,33.13,-0.91,上市,,-2.67
00895,富邦未來車,482355.0,38.96,-0.38,上市,,-0.97
00896,中信綠能及電動車,2011589.0,20.5,-0.45,上市,,-2.15
00897,富邦基因免疫生技,388803.0,9.67,-0.04,上市,,-0.41
00898,國泰基因免疫革命,281246.0,8.11,-0.02,上市,,-0.25
00899,FT潔淨能源,286282.0,23.47,-0.22,上市,,-0.93
00900,富邦特選高股息30,7873367.0,13.76,-0.14,上市,,-1.01
00901,永豐智能車供應鏈,562976.0,28.78,-0.66,上市,,-2.24
00902,中信電池及儲能,1414174.0,14.06,-0.18,上市,,-1.26
00903,富邦元宇宙,653461.0,15.33,-0.08,上市,,-0.52
00904,新光臺灣半導體30,4530616.0,27.7,-0.54,上市,,-1.91
00905,FT臺灣Smart,3030688.0,19.36,-0.3,上市,,-1.53
00907,永豐優息存股,683864.0,14.63,-0.12,上市,,-0.81
00908,富邦入息REITs+,146069.0,13.37,-0.05,上市,,-0.37
00909,國泰數位支付服務,6366143.0,35.99,-0.67,上市,,-1.83
00910,第一金太空衛星,2804895.0,58.2,0.75,上市,,1.31
00911,兆豐洲際半導體,364988.0,36.0,0.18,上市,,0.5
00912,中信臺灣智慧50,1487829.0,24.12,-0.42,上市,,-1.71
00913,兆豐台灣晶圓製造,501991.0,28.71,-0.76,上市,,-2.58
00915,凱基優選高股息30,3865852.0,23.05,-0.22,上市,,-0.95
00916,國泰全球品牌50,94299.0,24.81,-0.23,上市,,-0.92
00917,中信特選金融,2058880.0,20.5,-0.01,上市,,-0.05
00918,大華優利高填息30,18362732.0,21.86,-0.19,上市,,-0.86
00919,群益台灣精選高息,79548861.0,22.3,-0.2,上市,,-0.89
00920,富邦ESG綠色電力,640479.0,21.39,-0.3,上市,,-1.38
00921,兆豐龍頭等權重,100630.0,18.24,-0.27,上市,,-1.46
00922,國泰台灣領袖50,14481866.0,27.43,-0.54,上市,,-1.93
00923,群益台ESG低碳50,2610439.0,28.21,-0.54,上市,,-1.88
00924,復華S&P500成長,1828663.0,27.08,-0.18,上市,,-0.66
00926,凱基全球菁英55,274573.0,22.43,-0.23,上市,,-1.02
00927,群益半導體收益,39362075.0,23.75,-0.45,上市,,-1.86
00929,復華台灣科技優息,31694918.0,18.73,-0.27,上市,,-1.42
00930,永豐ESG低碳高息,531977.0,16.89,-0.21,上市,,-1.23
00932,兆豐永續高息等權,603273.0,14.5,-0.1,上市,,-0.68
00934,中信成長高股息,10063296.0,20.53,-0.38,上市,,-1.82
00935,野村臺灣新科技50,7828326.0,36.54,-0.92,上市,,-2.46
00936,台新永續高息中小,1144604.0,17.3,-0.2,上市,,-1.14
00938,凱基優選30,958351.0,18.46,-0.18,上市,,-0.97
00939,統一台灣高息動能,7069719.0,15.2,-0.24,上市,,-1.55
00940,元大台灣價值高息,15745992.0,9.49,-0.09,上市,,-0.94
00941,中信上游半導體,3117980.0,21.58,-0.19,上市,,-0.87
00943,兆豐電子高息等權,550351.0,15.01,-0.05,上市,,-0.33
00944,野村趨勢動能高息,353248.0,15.08,-0.11,上市,,-0.72
00945B,凱基美國非投等債,4082760.0,14.53,0.0,上市,,0.0
00946,群益科技高息成長,4755482.0,9.91,0.0,上市,,0.0
00947,台新臺灣IC設計,4043320.0,22.73,-0.38,上市,,-1.64
00949,復華日本龍頭,1194774.0,19.36,-0.18,上市,,-0.92
00951,台新日本半導體,2373452.0,12.97,-0.2,上市,,-1.52
00952,凱基台灣AI50,1693241.0,12.63,-0.2,上市,,-1.56
00953B,群益優選非投等債,19382995.0,9.64,0.0,上市,,0.0
00954,中信日本半導體,3063409.0,13.79,-0.25,上市,,-1.78
00956,中信日經高股息,231729.0,12.41,-0.12,上市,,-0.96
00960,野村全球航運龍頭,557132.0,17.58,0.03,上市,,0.17
00961,FT臺灣永續高息,3197092.0,9.8,-0.13,上市,,-1.31
00962,台新AI優息動能,657687.0,10.54,-0.17,上市,,-1.59
00963,中信全球高股息,1429515.0,12.43,-0.03,上市,,-0.24
00964,中信亞太高股息,2358054.0,13.23,-0.2,上市,,-1.49
00965,元大航太防衛科技,3323393.0,24.55,0.24,上市,,0.99
00971,野村美國研發龍頭,808028.0,14.63,-0.09,上市,,-0.61
00972,野村日本動能高息,115745.0,19.12,-0.1,上市,,-0.52
009800,中信NASDAQ,3378782.0,10.52,-0.09,上市,,-0.85
009801,中信美國創新科技,717424.0,10.09,-0.13,上市,,-1.27
009802,富邦旗艦50,3557459.0,12.24,-0.17,上市,,-1.37
009803,保德信市值動能50,2249283.0,15.07,-0.39,上市,,-2.52
009804,聯邦台精彩50,2000023.0,16.4,-0.27,上市,,-1.62
009805,新光美國電力基建,7603881.0,14.83,-0.05,上市,,-0.34
009808,華南永昌優選50,636161.0,21.59,-0.43,上市,,-1.95
009809,富邦淨零ESG50,483732.0,12.08,-0.22,上市,,-1.79
00980A,主動野村臺灣優選,11694443.0,17.17,-0.4,上市,,-2.28
009810,保德信全球藍籌,53884.0,17.89,-0.09,上市,,-0.5
009811,統一美國50,2747551.0,10.93,-0.09,上市,,-0.82
009812,野村日本東證,1867698.0,11.39,-0.14,上市,,-1.21
009813,貝萊德標普卓越50,2253260.0,9.82,-0.09,上市,,-0.91
009816,凱基台灣TOP50,152167198.0,10.49,-0.17,上市,,-1.59
009817,國泰日本不動產,3988204.0,9.33,-0.04,上市,,-0.43
009818,華南永昌NASDAQxT,537251.0,14.61,-0.04,上市,,-0.27
00981A,主動統一台股增長,254627021.0,20.22,-0.44,上市,,-2.13
00981T,平衡凱基雙核收息,3260530.0,10.98,-0.05,上市,,-0.45
00982A,主動群益台灣強棒,38003871.0,16.13,-0.31,上市,,-1.89
00982D,主動富邦動態入息,2865119.0,10.04,-0.03,上市,,-0.3
00982T,平衡兆豐台美動能,2219840.0,10.72,-0.21,上市,,-1.92
00983A,主動中信ARK創新,2468303.0,10.25,-0.15,上市,,-1.44
00983D,主動富邦複合收益,1266815.0,10.2,-0.03,上市,,-0.29
00984A,主動安聯台灣高息,8977727.0,12.38,-0.11,上市,,-0.88
00984D,主動聯博全球非投,3098139.0,9.97,0.02,上市,,0.2
00985A,主動野村台灣50,6043864.0,15.91,-0.29,上市,,-1.79
00985B,群益ESG投等債0-5,8606640.0,10.29,0.0,上市,,0.0
00986A,主動台新龍頭成長,615548.0,11.7,0.14,上市,,1.21
00987A,主動台新優勢成長,9385375.0,12.13,-0.27,上市,,-2.18
00988A,主動統一全球創新,32548813.0,12.45,0.01,上市,,0.08
00989A,主動摩根美國科技,1371987.0,13.47,-0.18,上市,,-1.32
00990A,主動元大AI新經濟,33895656.0,11.86,0.05,上市,,0.42
00991A,主動復華未來50,73468199.0,12.3,-0.24,上市,,-1.91
00992A,主動群益科技創新,82785102.0,12.95,-0.27,上市,,-2.04
00993A,主動安聯台灣,29791886.0,10.32,-0.13,上市,,-1.24
00994A,主動第一金台股優,7660944.0,12.17,-0.26,上市,,-2.09
00995A,主動中信台灣卓越,10628646.0,11.72,-0.24,上市,,-2.01
00996A,主動兆豐台灣豐收,25342806.0,9.72,-0.19,上市,,-1.92
01001T,土銀富邦R1,46000.0,11.95,-0.02,上市,,-0.17
01002T,土銀國泰R1,2402.0,14.2,0.0,上市,,0.0
01007T,兆豐國泰R2,97001.0,13.27,0.0,上市,,0.0
01009T,王道圓滿R1,205422.0,5.76,-0.01,上市,,-0.17
01010T,京城樂富R1,5000.0,10.0,0.0,上市,,0.0
02001L,富邦蘋果正二N,75000.0,62.3,-1.85,上市,,-2.88
02001R,富邦蘋果反一N,160000.0,0.73,0.01,上市,,1.39
020020,元大台股領航N,1000.0,17.04,-0.29,上市,,-1.67
020028,元大特選電動車N,3000.0,15.1,0.27,上市,,1.82
020029,元大ESG高股息N,21000.0,9.71,-0.23,上市,,-2.31
020030,統一智慧電動車N,83000.0,11.36,-0.05,上市,,-0.44
020031,統一IC設計臺灣N,42000.0,6.64,-0.04,上市,,-0.6
020034,元大IC設計N,50000.0,8.76,-0.06,上市,,-0.68
020039,元大加權N,1000.0,10.4,-0.1,上市,,-0.95
1101,台泥,26328156.0,23.7,0.0,上市,,0.0
1101B,台泥乙特,113106.0,45.65,-0.05,上市,,-0.11
1102,亞泥,7106566.0,35.25,-0.05,上市,,-0.14
1103,嘉泥,146829.0,13.7,-0.15,上市,,-1.08
1104,環泥,276164.0,29.35,-0.25,上市,,-0.84
1108,幸福,230267.0,14.8,0.0,上市,,0.0
1109,信大,56262.0,15.25,0.0,上市,,0.0
1110,東泥,422179.0,14.4,-0.55,上市,,-3.68
1201,味全,275374.0,13.4,-0.1,上市,,-0.74
1203,味王,17334.0,39.4,0.0,上市,,0.0
1210,大成,2293512.0,54.7,0.1,上市,,0.18
1213,大飲,23726.0,9.21,-0.38,上市,,-3.96
1215,卜蜂,907431.0,139.0,0.5,上市,,0.36
1216,統一,7271574.0,72.4,0.5,上市,,0.7
1217,愛之味,235063.0,10.3,0.05,上市,,0.49
1218,泰山,616400.0,19.45,-0.05,上市,,-0.26
1219,福壽,422754.0,13.9,-0.05,上市,,-0.36
1220,台榮,75199.0,12.5,-0.1,上市,,-0.79
1225,福懋油,101574.0,31.9,0.25,上市,,0.79
1227,佳格,642756.0,30.75,-0.3,上市,,-0.97
1229,聯華,1300722.0,44.95,0.1,上市,,0.22
1231,聯華食,166513.0,92.8,-0.3,上市,,-0.32
1232,大統益,63574.0,149.0,-0.5,上市,,-0.33
1233,天仁,10122.0,28.4,-0.1,上市,,-0.35
1234,黑松,109199.0,35.8,-0.25,上市,,-0.69
1235,興泰,12765.0,37.5,-0.15,上市,,-0.4
1236,宏亞,33795.0,25.95,-0.15,上市,,-0.57
1256,鮮活果汁-KY,39558.0,146.5,-0.5,上市,,-0.34
1301,台塑,17355217.0,45.9,-0.75,上市,,-1.61
1303,南亞,69705526.0,77.1,-1.6,上市,,-2.03
1304,台聚,81517007.0,17.9,0.65,上市,,3.77
1305,華夏,44796178.0,17.95,1.05,上市,,6.21
1307,三芳,1355418.0,31.5,-1.0,上市,,-3.08
1308,亞聚,39804655.0,18.6,0.7,上市,,3.91
1309,台達化,53264129.0,25.95,2.35,上市,,9.96
1310,台苯,11845017.0,11.0,0.1,上市,,0.92
1312,國喬,14559287.0,13.2,-0.1,上市,,-0.75
1313,聯成,7933968.0,12.65,0.1,上市,,0.8
1314,中石化,21539389.0,8.15,-0.09,上市,,-1.09
1315,達新,14779.0,63.0,-0.2,上市,,-0.32
1316,上曜,968239.0,12.05,-0.15,上市,,-1.23
1319,東陽,1708573.0,80.1,-1.9,上市,,-2.32
1321,大洋,67040.0,33.65,0.05,上市,,0.15
1323,永裕,962697.0,23.3,2.1,上市,,9.91
1324,地球,725089.0,11.6,0.25,上市,,2.2
1325,恆大,164267.0,27.7,-0.15,上市,,-0.54
1326,台化,24161144.0,44.95,-0.35,上市,,-0.77
1337,再生-KY,1007523.0,6.16,0.01,上市,,0.16
1338,廣華-KY,1041880.0,16.3,-0.85,上市,,-4.96
1339,昭輝,55201.0,40.4,-0.1,上市,,-0.25
1340,勝悅-KY,354582.0,6.66,-0.04,上市,,-0.6
1341,富林-KY,2021.0,59.4,1.4,上市,,2.41
1342,八貫,120173.0,83.6,-1.0,上市,,-1.18
1402,遠東新,14238847.0,26.65,-0.5,上市,,-1.84
1409,新纖,2734524.0,15.4,-0.15,上市,,-0.96
1410,南染,72000.0,31.0,-0.3,上市,,-0.96
1413,宏洲,15187.0,9.83,-0.01,上市,,-0.1
1414,東和,344229.0,16.6,-0.55,上市,,-3.21
1416,廣豐,118187.0,11.4,-0.05,上市,,-0.44
1417,嘉裕,94231.0,9.15,0.0,上市,,0.0
1418,東華,5365.0,18.7,0.15,上市,,0.81
1419,新紡,52409.0,60.5,-1.9,上市,,-3.04
1423,利華,10449.0,39.85,0.0,上市,,0.0
1432,大魯閣,197750.0,17.35,-0.1,上市,,-0.57
1434,福懋,691810.0,16.5,-0.15,上市,,-0.9
1435,中福,17020.0,16.35,-1.35,上市,,-7.63
1436,華友聯,138620.0,53.5,-0.5,上市,,-0.93
1437,勤益控,78560.0,30.6,-0.1,上市,,-0.33
1438,三地開發,20518.0,28.0,-0.05,上市,,-0.18
1439,雋揚,13043.0,27.55,0.2,上市,,0.73
1440,南紡,826257.0,12.7,-0.1,上市,,-0.78
1441,大東,76595.0,9.83,0.01,上市,,0.1
1442,名軒,269139.0,26.15,-0.15,上市,,-0.57
1443,立益物流,15010.0,22.3,-0.7,上市,,-3.04
1444,力麗,318343.0,6.25,0.0,上市,,0.0
1445,大宇,105201.0,12.4,-0.2,上市,,-1.59
1446,宏和,289826.0,16.4,-0.3,上市,,-1.8
1447,力鵬,437226.0,5.12,-0.03,上市,,-0.58
1449,佳和,3654631.0,12.4,1.1,上市,,9.73
1451,年興,171805.0,18.15,0.05,上市,,0.28
1452,宏益,329621.0,12.0,0.3,上市,,2.56
1453,大將,60596.0,12.1,0.05,上市,,0.41
1454,台富,18039.0,12.9,-0.15,上市,,-1.15
1455,集盛,342752.0,8.63,-0.09,上市,,-1.03
1456,怡華,364320.0,14.3,-0.65,上市,,-4.35
1457,宜進,132050.0,14.8,-0.2,上市,,-1.33
1459,聯發,168881.0,11.65,-0.05,上市,,-0.43
1460,宏遠,456652.0,7.1,-0.06,上市,,-0.84
1463,強盛新,51225.0,17.95,0.0,上市,,0.0
1464,得力,164418.0,10.35,-0.1,上市,,-0.96
1465,偉全,48389.0,12.2,-0.05,上市,,-0.41
1466,聚隆,231464.0,16.55,-0.45,上市,,-2.65
1467,南緯,44649.0,7.03,0.0,上市,,0.0
1468,昶和,41001.0,11.6,-0.2,上市,,-1.69
1470,大統新創,9958.0,21.6,-0.7,上市,,-3.14
1471,首利,680085.0,12.25,0.0,上市,,0.0
1472,三洋實業,19021.0,95.9,0.2,上市,,0.21
1473,台南,148610.0,23.85,-0.45,上市,,-1.85
1474,弘裕,82147.0,9.92,-0.04,上市,,-0.4
1475,業旺,22054.0,28.85,-0.1,上市,,-0.35
1476,儒鴻,1970056.0,322.5,-8.5,上市,,-2.57
1477,聚陽,2905294.0,219.0,-9.0,上市,,-3.95
1503,士電,1061396.0,179.0,-3.5,上市,,-1.92
1504,東元,4493695.0,60.7,-1.6,上市,,-2.57
1506,正道,151154.0,11.1,-0.1,上市,,-0.89
1512,瑞利,87362.0,7.58,-0.24,上市,,-3.07
1513,中興電,2855384.0,144.0,-1.0,上市,,-0.69
1514,亞力,1237336.0,100.5,-2.5,上市,,-2.43
1515,力山,134432.0,23.6,-0.25,上市,,-1.05
1516,川飛,145719.0,20.35,0.0,上市,,0.0
1517,利奇,251128.0,11.15,-0.05,上市,,-0.45
1519,華城,2208904.0,797.0,-15.0,上市,,-1.85
1521,大億,13314.0,24.55,-0.15,上市,,-0.61
1522,堤維西,500828.0,31.65,-0.55,上市,,-1.71
1522A,堤維西甲特,1139.0,50.4,0.0,上市,,0.0
1524,耿鼎,1136180.0,30.1,-0.5,上市,,-1.63
1525,江申,33142.0,63.8,-0.7,上市,,-1.09
1526,日馳,69691.0,16.75,-0.1,上市,,-0.59
1527,鑽全,178034.0,32.75,0.15,上市,,0.46
1528,恩德,36492422.0,25.45,-0.65,上市,,-2.49
1529,樂事綠能,941734.0,22.75,-0.75,上市,,-3.19
1530,亞崴,21517.0,26.55,0.25,上市,,0.95
1531,高林股,96641.0,13.05,-0.2,上市,,-1.51
1532,勤美,258807.0,21.7,-0.1,上市,,-0.46
1533,車王電,58876.0,29.3,-0.4,上市,,-1.35
1535,中宇,27825.0,52.6,-0.4,上市,,-0.75
1536,和大,2130552.0,47.95,-1.5,上市,,-3.03
1537,廣隆,39522.0,124.5,0.5,上市,,0.4
1538,正峰,23681.0,12.65,0.0,上市,,0.0
1539,巨庭,71000.0,16.2,-0.35,上市,,-2.11
1540,喬福,164385.0,21.9,-0.5,上市,,-2.23
1541,錩泰,36770.0,25.75,-0.55,上市,,-2.09
1558,伸興,25328.0,92.0,-0.7,上市,,-0.76
1560,中砂,1998946.0,443.0,-9.0,上市,,-1.99
1563,巧新,882611.0,41.6,-0.5,上市,,-1.19
1568,倉佑,106844.0,22.55,0.0,上市,,0.0
1582,信錦,21432933.0,105.0,-3.0,上市,,-2.78
1583,程泰,9268.0,43.55,-0.3,上市,,-0.68
1587,吉茂,643528.0,36.2,-0.35,上市,,-0.96
1589,永冠-KY,8432214.0,5.54,-0.61,上市,,-9.92
1590,亞德客-KY,780687.0,996.0,-29.0,上市,,-2.83
1597,直得,591917.0,85.7,-0.8,上市,,-0.92
1598,岱宇,298356.0,19.65,-0.25,上市,,-1.26
1603,華電,208229.0,31.75,-0.35,上市,,-1.09
1604,聲寶,233768.0,25.4,-0.1,上市,,-0.39
1605,華新,15067174.0,30.1,-0.7,上市,,-2.27
1608,華榮,1455182.0,31.2,-0.6,上市,,-1.89
1609,大亞,2731794.0,32.35,-0.15,上市,,-0.46
1611,中電,249748.0,12.2,-0.1,上市,,-0.81
1612,宏泰,336459.0,34.55,-0.2,上市,,-0.58
1614,三洋電,113067.0,31.5,-0.1,上市,,-0.32
1615,大山,67262.0,45.0,-0.85,上市,,-1.85
1616,億泰,300902.0,23.05,-0.25,上市,,-1.07
1617,榮星,106160.0,14.7,-0.05,上市,,-0.34
1618,合機,504454.0,38.4,-0.75,上市,,-1.92
1623,大東電,97354.0,177.5,-4.0,上市,,-2.2
1626,艾美特-KY,119208.0,9.97,-0.18,上市,,-1.77
1702,南僑,173304.0,36.3,-0.3,上市,,-0.82
1707,葡萄王,59756.0,120.5,-2.0,上市,,-1.63
1708,東鹼,4447955.0,41.8,-0.4,上市,,-0.95
1709,和益,433090.0,17.8,-0.3,上市,,-1.66
1710,東聯,8656083.0,14.2,-0.35,上市,,-2.41
1711,永光,4788601.0,37.5,-1.45,上市,,-3.72
1712,興農,672805.0,43.55,-0.55,上市,,-1.25
1713,國化,171645.0,45.7,-1.0,上市,,-2.14
1714,和桐,3104418.0,9.53,-0.17,上市,,-1.75
1717,長興,34562820.0,61.9,1.9,上市,,3.17
1718,中纖,5402901.0,7.37,-0.11,上市,,-1.47
1720,生達,236964.0,63.9,-0.2,上市,,-0.31
1721,三晃,796162.0,17.3,-0.05,上市,,-0.29
1722,台肥,1715230.0,45.55,-0.55,上市,,-1.19
1723,中碳,3871982.0,85.2,-1.5,上市,,-1.73
1725,元禎,196413.0,28.9,-0.8,上市,,-2.69
1726,永記,18696.0,75.0,0.0,上市,,0.0
1727,中華化,2631100.0,48.1,-1.15,上市,,-2.34
1730,花仙子,10338.0,52.8,-0.2,上市,,-0.38
1731,美吾華,76116.0,21.7,-0.05,上市,,-0.23
1732,毛寶,59212.0,26.3,-0.15,上市,,-0.57
1733,五鼎,26425.0,29.6,-0.05,上市,,-0.17
1734,杏輝,352351.0,31.3,-0.2,上市,,-0.63
1735,日勝化,876899.0,23.0,-2.5,上市,,-9.8
1736,喬山,397070.0,123.0,-7.5,上市,,-5.75
1737,臺鹽,101912.0,31.8,-0.15,上市,,-0.47
1752,南光,52775.0,35.75,-0.2,上市,,-0.56
1760,寶齡富錦,438554.0,65.5,2.0,上市,,3.15
1762,中化生,104319.0,28.4,-0.3,上市,,-1.05
1773,勝一,1632768.0,145.5,4.0,上市,,2.83
1776,展宇,64101.0,15.55,-0.3,上市,,-1.89
1783,和康生,31883.0,42.7,-0.45,上市,,-1.04
1786,科妍,531342.0,60.7,1.3,上市,,2.19
1789,神隆,3275968.0,22.65,0.95,上市,,4.38
1795,美時,2175589.0,216.0,2.0,上市,,0.93
1802,台玻,48195258.0,52.2,-1.7,上市,,-3.15
1805,寶徠,107095.0,10.5,0.3,上市,,2.94
1806,冠軍,195999.0,8.43,-0.08,上市,,-0.94
1808,潤隆,631781.0,30.4,-0.45,上市,,-1.46
1809,中釉,2116381.0,25.1,-0.95,上市,,-3.65
1810,和成,432705.0,16.9,-0.45,上市,,-2.59
1817,凱撒衛,19708.0,38.8,0.15,上市,,0.39
1903,士紙,635961.0,48.45,-1.75,上市,,-3.49
1904,正隆,2745620.0,18.8,0.0,上市,,0.0
1905,華紙,10941181.0,15.05,-1.65,上市,,-9.88
1906,寶隆,1157622.0,12.05,-0.65,上市,,-5.12
1907,永豐餘,1180836.0,26.0,-0.45,上市,,-1.7
1909,榮成,5465473.0,9.95,-0.2,上市,,-1.97
2002,中鋼,28468476.0,19.5,0.0,上市,,0.0
2002A,中鋼特,7058.0,38.9,0.0,上市,,0.0
2006,東和鋼鐵,2705583.0,69.3,0.7,上市,,1.02
2007,燁興,173872.0,8.06,-0.04,上市,,-0.49
2008,高興昌,13276.0,27.0,-0.2,上市,,-0.74
2009,第一銅,1391460.0,39.95,-0.9,上市,,-2.2
2010,春源,1211467.0,24.8,-0.4,上市,,-1.59
2012,春雨,27541.0,15.5,-0.2,上市,,-1.27
2013,中鋼構,74733.0,43.7,-0.35,上市,,-0.79
2014,中鴻,5182198.0,18.3,0.0,上市,,0.0
2015,豐興,481905.0,61.6,-0.5,上市,,-0.81
2017,官田鋼,513145.0,9.86,-0.09,上市,,-0.9
2020,美亞,563579.0,24.85,-0.1,上市,,-0.4
2022,聚亨,406709.0,8.89,-0.11,上市,,-1.22
2023,燁輝,808152.0,14.5,0.05,上市,,0.35
2024,志聯,2042.0,14.6,-0.1,上市,,-0.68
2025,千興,67808.0,11.3,-0.1,上市,,-0.88
2027,大成鋼,61239163.0,38.4,1.45,上市,,3.92
2028,威致,64484.0,18.15,-0.15,上市,,-0.82
2029,盛餘,77881.0,20.35,-0.3,上市,,-1.45
2030,彰源,500975.0,16.15,0.15,上市,,0.94
2031,新光鋼,432939.0,40.1,0.2,上市,,0.5
2032,新鋼,679037.0,16.9,0.4,上市,,2.42
2033,佳大,40000.0,15.75,0.0,上市,,0.0
2034,允強,618647.0,20.25,-0.05,上市,,-0.25
2038,海光,376486.0,15.55,0.05,上市,,0.32
2049,上銀,3022689.0,228.0,-5.5,上市,,-2.36
2059,川湖,520393.0,3345.0,-110.0,上市,,-3.18
2062,橋椿,88359.0,20.4,-0.2,上市,,-0.97
2069,運錩,218404.0,18.45,-0.1,上市,,-0.54
2072,世紀風電,1143983.0,170.5,-12.5,上市,,-6.83
2101,南港,4315616.0,37.75,1.8,上市,,5.01
2102,泰豐,637152.0,20.2,0.2,上市,,1.0
2103,台橡,5299329.0,19.05,-0.35,上市,,-1.8
2104,國際中橡,2397150.0,12.25,0.0,上市,,0.0
2105,正新,8991675.0,31.55,-0.2,上市,,-0.63
2106,建大,895594.0,18.7,0.1,上市,,0.54
2107,厚生,175583.0,25.4,0.05,上市,,0.2
2108,南帝,871100.0,25.6,-0.3,上市,,-1.16
2109,華豐,84912.0,14.65,-0.05,上市,,-0.34
2114,鑫永銓,26397.0,87.8,-0.1,上市,,-0.11
2115,六暉-KY,79687.0,21.45,-0.2,上市,,-0.92
2201,裕隆,2846269.0,27.2,-0.5,上市,,-1.81
2204,中華,1212954.0,55.4,-1.1,上市,,-1.95
2206,三陽工業,1186698.0,60.0,0.7,上市,,1.18
2207,和泰車,252342.0,485.5,-6.0,上市,,-1.22
2208,台船,3024717.0,20.2,-0.2,上市,,-0.98
2211,長榮鋼,478358.0,99.0,-1.0,上市,,-1.0
2227,裕日車,19513.0,49.6,0.15,上市,,0.3
2228,劍麟,98166.0,86.6,-1.3,上市,,-1.48
2231,為升,1381647.0,112.0,-9.0,上市,,-7.44
2233,宇隆,538546.0,218.5,-7.0,上市,,-3.1
2236,百達-KY,262442.0,112.0,0.0,上市,,0.0
2239,英利-KY,72304.0,23.1,-0.75,上市,,-3.14
2241,艾姆勒,220308.0,28.2,-0.8,上市,,-2.76
2243,宏旭-KY,1966559.0,19.9,-2.15,上市,,-9.75
2247,汎德永業,35055.0,235.0,-1.0,上市,,-0.42
2248,華勝-KY,48029.0,48.1,-0.55,上市,,-1.13
2250,IKKA-KY,93161.0,60.6,-0.2,上市,,-0.33
2254,巨鎧精密-創,17416.0,68.7,-1.4,上市,,-2.0
2258,鴻華先進-創,636142.0,27.3,0.0,上市,,0.0
2301,光寶科,11205949.0,145.0,-2.5,上市,,-1.69
2302,麗正,243354.0,17.4,-0.3,上市,,-1.69
2303,聯電,113154703.0,53.6,-3.8,上市,,-6.62
2305,全友,4515083.0,16.2,0.3,上市,,1.89
2308,台達電,9953601.0,1430.0,-45.0,上市,,-3.05
2312,金寶,7813091.0,21.85,-0.3,上市,,-1.35
2313,華通,119229438.0,260.0,-6.0,上市,,-2.26
2314,台揚,1101672.0,16.95,-1.85,上市,,-9.84
2316,楠梓電,3115841.0,99.6,0.1,上市,,0.1
2317,鴻海,41954568.0,193.0,-4.0,上市,,-2.03
2323,中環,3368748.0,10.9,-0.15,上市,,-1.36
2324,仁寶,20383786.0,27.4,-0.05,上市,,-0.18
2327,國巨*,13724318.0,246.0,-5.5,上市,,-2.19
2328,廣宇,4067168.0,44.4,-0.6,上市,,-1.33
2329,華泰,9087664.0,50.3,-0.2,上市,,-0.4
2330,台積電,29332490.0,1810.0,-45.0,上市,,-2.43
2331,精英,1491175.0,21.05,-0.4,上市,,-1.86
2332,友訊,3178793.0,15.15,-0.2,上市,,-1.3
2337,旺宏,26764501.0,129.0,2.0,上市,,1.57
2338,光罩,3325922.0,43.25,-0.2,上市,,-0.46
2340,台亞,1894852.0,25.7,0.4,上市,,1.58
2342,茂矽,872701.0,28.0,-0.8,上市,,-2.78
2344,華邦電,183485734.0,91.8,-1.3,上市,,-1.4
2345,智邦,3328016.0,1590.0,-70.0,上市,,-4.22
2347,聯強,3969321.0,77.4,-0.1,上市,,-0.13
2348,海悅,515406.0,80.0,0.7,上市,,0.88
2349,錸德,2363556.0,12.95,-0.15,上市,,-1.15
2351,順德,6428329.0,99.6,-3.9,上市,,-3.77
2352,佳世達,3193024.0,23.3,0.0,上市,,0.0
2353,宏碁,10632218.0,27.05,-0.25,上市,,-0.92
2354,鴻準,2455708.0,51.4,-1.1,上市,,-2.1
2355,敬鵬,45630045.0,51.7,-1.1,上市,,-2.08
2356,英業達,8198672.0,40.85,-0.25,上市,,-0.61
2357,華碩,3384391.0,555.0,-12.0,上市,,-2.12
2359,所羅門,562704.0,107.5,-3.5,上市,,-3.15
2360,致茂,5962929.0,1535.0,-75.0,上市,,-4.66
2362,藍天,327739.0,37.6,-0.15,上市,,-0.4
2363,矽統,2486682.0,46.3,-1.35,上市,,-2.83
2364,倫飛,873961.0,66.2,6.0,上市,,9.97
2365,昆盈,1077586.0,30.5,-0.7,上市,,-2.24
2367,燿華,124332184.0,71.5,-3.0,上市,,-4.03
2368,金像電,10146068.0,905.0,-41.0,上市,,-4.33
2369,菱生,18483400.0,29.0,-1.25,上市,,-4.13
2371,大同,13528101.0,31.55,0.6,上市,,1.94
2373,震旦行,16747.0,56.0,-0.4,上市,,-0.71
2374,佳能,2713208.0,66.5,-1.4,上市,,-2.06
2375,凱美,849051.0,72.6,-3.5,上市,,-4.6
2376,技嘉,3071639.0,228.0,-4.0,上市,,-1.72
2377,微星,3484978.0,87.2,-0.9,上市,,-1.02
2379,瑞昱,2417055.0,488.0,3.5,上市,,0.72
2380,虹光,1006183.0,5.3,-0.56,上市,,-9.56
2382,廣達,11221762.0,284.5,-6.0,上市,,-2.07
2383,台光電,4147382.0,2785.0,-75.0,上市,,-2.62
2385,群光,3609710.0,121.0,1.0,上市,,0.83
2387,精元,732519.0,39.5,-0.45,上市,,-1.13
2388,威盛,2252991.0,51.4,-1.1,上市,,-2.1
2390,云辰,343230.0,10.1,0.0,上市,,0.0
2392,正崴,4764775.0,34.0,-1.7,上市,,-4.76
2393,億光,2083495.0,68.7,0.8,上市,,1.18
2395,研華,2038229.0,323.5,-7.5,上市,,-2.27
2397,友通,72366.0,53.5,-0.7,上市,,-1.29
2399,映泰,7527622.0,33.8,1.95,上市,,6.12
2401,凌陽,1630716.0,19.6,-0.3,上市,,-1.51
2402,毅嘉,22058938.0,52.8,1.2,上市,,2.33
2404,漢唐,2650770.0,829.0,-5.0,上市,,-0.6
2405,輔信,1178078.0,15.2,-0.2,上市,,-1.3
2406,國碩,11378784.0,30.8,-1.7,上市,,-5.23
2408,南亞科,119851725.0,200.5,-10.5,上市,,-4.98
2409,友達,700945979.0,16.85,0.9,上市,,5.64
2412,中華電,7496636.0,134.0,0.0,上市,,0.0
2413,環科,2742065.0,48.55,-1.55,上市,,-3.09
2414,精技,85965.0,42.9,-0.15,上市,,-0.35
2415,錩新,223126.0,29.95,-0.15,上市,,-0.5
2417,圓剛,174722.0,34.2,-0.2,上市,,-0.58
2419,仲琦,26261332.0,32.85,-2.3,上市,,-6.54
2420,新巨,65661.0,50.7,-0.6,上市,,-1.17
2421,建準,3677481.0,122.5,-5.5,上市,,-4.3
2423,固緯,18517.0,47.45,0.0,上市,,0.0
2424,隴華,75588.0,25.5,-0.1,上市,,-0.39
2425,承啟,240897.0,26.0,-0.65,上市,,-2.44
2426,鼎元,11959044.0,38.3,3.45,上市,,9.9
2427,三商電,238207.0,23.2,0.05,上市,,0.22
2428,興勤,455408.0,150.0,-5.5,上市,,-3.54
2429,銘旺科,209521.0,39.05,-1.4,上市,,-3.46
2430,燦坤,23753.0,21.75,0.05,上市,,0.23
2431,聯昌,426112.0,11.65,-0.25,上市,,-2.1
2432,倚天酷碁-創,12656.0,26.55,-0.45,上市,,-1.67
2433,互盛電,16050.0,45.5,-0.1,上市,,-0.22
2434,統懋,8088.0,29.25,0.1,上市,,0.34
2436,偉詮電,2187231.0,59.6,-1.5,上市,,-2.45
2438,翔耀,116514.0,22.5,-1.0,上市,,-4.26
2439,美律,732968.0,83.8,-1.5,上市,,-1.76
2440,太空梭,158126.0,14.15,0.0,上市,,0.0
2441,超豐,2934532.0,85.0,-3.4,上市,,-3.85
2442,新美齊,1149975.0,20.5,-0.35,上市,,-1.68
2444,兆勁,278815.0,12.3,0.0,上市,,0.0
2449,京元電子,28958269.0,259.0,-21.5,上市,,-7.66
2450,神腦,33151.0,29.05,-0.15,上市,,-0.51
2451,創見,2313392.0,233.0,3.0,上市,,1.3
2453,凌群,189095.0,52.0,-0.9,上市,,-1.7
2454,聯發科,9301597.0,1465.0,0.0,上市,,0.0
2455,全新,30358649.0,259.0,-4.5,上市,,-1.71
2457,飛宏,2131605.0,23.9,-0.85,上市,,-3.43
2458,義隆,2390195.0,123.5,-4.0,上市,,-3.14
2459,敦吉,45467.0,64.8,-0.3,上市,,-0.46
2460,建通,264044.0,25.1,-0.4,上市,,-1.57
2461,光群雷,587231.0,18.0,0.0,上市,,0.0
2462,良得電,143640.0,21.65,-0.2,上市,,-0.92
2464,盟立,1893976.0,66.5,-1.6,上市,,-2.35
2465,麗臺,233282.0,52.2,-0.1,上市,,-0.19
2466,冠西電,559020.0,49.45,2.65,上市,,5.66
2467,志聖,3889134.0,392.0,-6.5,上市,,-1.63
2468,華經,248620.0,33.65,-1.0,上市,,-2.89
2471,資通,123957.0,50.6,-1.3,上市,,-2.5
2472,立隆電,5036739.0,131.5,-1.5,上市,,-1.13
2474,可成,1827410.0,190.5,1.0,上市,,0.53
2476,鉅祥,890519.0,83.9,-0.5,上市,,-0.59
2477,美隆電,138732.0,24.0,0.1,上市,,0.42
2478,大毅,884326.0,57.5,-1.7,上市,,-2.87
2480,敦陽科,114384.0,139.0,0.0,上市,,0.0
2481,強茂,36748757.0,95.1,6.5,上市,,7.34
2482,連宇,143953.0,16.7,-0.1,上市,,-0.6
2483,百容,64445.0,20.8,-0.05,上市,,-0.24
2484,希華,9183197.0,30.35,-0.9,上市,,-2.88
2485,兆赫,7191648.0,78.5,-3.0,上市,,-3.68
2486,一詮,1726082.0,149.0,4.0,上市,,2.76
2488,漢平,298188.0,49.2,0.3,上市,,0.61
2489,瑞軒,50918405.0,32.2,-1.2,上市,,-3.59
2491,吉祥全,147992.0,14.9,-0.35,上市,,-2.3
2492,華新科,6454502.0,114.0,-4.0,上市,,-3.39
2493,揚博,772190.0,103.5,-5.5,上市,,-5.05
2495,普安,5657426.0,32.0,-2.2,上市,,-6.43
2496,卓越,6564.0,65.7,0.1,上市,,0.15
2497,怡利電,1862350.0,52.1,1.9,上市,,3.78
2498,宏達電,4438175.0,39.4,-0.7,上市,,-1.75
2501,國建,3035699.0,22.3,-0.3,上市,,-1.33
2504,國產,1877622.0,35.65,-0.25,上市,,-0.7
2505,國揚,133152.0,19.2,-0.35,上市,,-1.79
2506,太設,85622.0,8.9,-0.09,上市,,-1.0
2509,全坤建,66793.0,14.25,-0.1,上市,,-0.7
2511,太子,971037.0,8.05,-0.06,上市,,-0.74
2514,龍邦,97873.0,13.45,-0.15,上市,,-1.1
2515,中工,5868442.0,13.15,-0.25,上市,,-1.87
2516,新建,404930.0,13.1,-0.45,上市,,-3.32
2520,冠德,1110032.0,31.95,-0.05,上市,,-0.16
2524,京城,41310.0,38.1,-0.65,上市,,-1.68
2527,宏璟,154630.0,29.6,-0.6,上市,,-1.99
2528,皇普,615638.0,25.0,0.35,上市,,1.42
2530,華建,1146927.0,24.05,-0.85,上市,,-3.41
2534,宏盛,236637.0,19.75,-0.05,上市,,-0.25
2535,達欣工,779818.0,70.7,-0.2,上市,,-0.28
2536,宏普,87153.0,22.15,-0.25,上市,,-1.12
2537,聯上發,408969.0,10.35,-0.05,上市,,-0.48
2538,基泰,221632.0,10.0,-0.05,上市,,-0.5
2539,櫻花建,479018.0,47.55,-0.35,上市,,-0.73
2540,愛山林,563758.0,48.25,-0.55,上市,,-1.13
2542,興富發,2141099.0,35.0,-0.4,上市,,-1.13
2543,皇昌,1585715.0,57.4,-0.6,上市,,-1.03
2545,皇翔,190837.0,35.85,0.1,上市,,0.28
2546,根基,125313.0,80.0,0.0,上市,,0.0
2547,日勝生,1811147.0,10.55,0.0,上市,,0.0
2548,華固,1879537.0,122.0,-1.0,上市,,-0.81
2597,潤弘,259226.0,152.5,0.5,上市,,0.33
2601,益航,800853.0,5.91,-0.07,上市,,-1.17
2603,長榮,6011232.0,202.5,-2.0,上市,,-0.98
2605,新興,11396835.0,41.3,0.3,上市,,0.73
2606,裕民,2328596.0,58.6,-0.9,上市,,-1.51
2607,榮運,252981.0,51.5,-0.5,上市,,-0.96
2608,嘉里大榮,113936.0,30.9,-0.05,上市,,-0.16
2609,陽明,11338274.0,52.1,-0.6,上市,,-1.14
2610,華航,27696971.0,18.2,-0.2,上市,,-1.09
2611,志信,214179.0,13.85,-0.1,上市,,-0.72
2612,中航,244880.0,53.8,-0.8,上市,,-1.47
2613,中櫃,258445.0,23.15,-0.3,上市,,-1.28
2614,東森,841041.0,20.45,-0.4,上市,,-1.92
2615,萬海,6662549.0,78.0,-1.8,上市,,-2.26
2616,山隆,1371005.0,16.25,-0.55,上市,,-3.27
2617,台航,336552.0,30.2,-0.3,上市,,-0.98
2618,長榮航,13482779.0,34.95,-0.05,上市,,-0.14
2630,亞航,719256.0,46.55,-1.15,上市,,-2.41
2633,台灣高鐵,4346180.0,26.6,-0.2,上市,,-0.75
2634,漢翔,2807931.0,46.7,-0.35,上市,,-0.74
2636,台驊控股,207568.0,68.9,-0.3,上市,,-0.43
2637,慧洋-KY,1283169.0,67.9,-1.2,上市,,-1.74
2642,宅配通,39380.0,23.1,-0.15,上市,,-0.65
2645,長榮航太,735783.0,146.5,-2.0,上市,,-1.35
2646,星宇航空,2920206.0,21.0,-0.1,上市,,-0.47
2701,萬企,61874.0,10.65,-0.15,上市,,-1.39
2702,華園,220280.0,12.8,0.2,上市,,1.59
2704,國賓,49215.0,42.3,-0.25,上市,,-0.59
2705,六福,115773.0,16.55,-0.1,上市,,-0.6
2706,第一店,41119.0,12.3,-0.2,上市,,-1.6
2707,晶華,269210.0,188.5,1.5,上市,,0.8
2712,遠雄來,13001.0,14.5,-0.15,上市,,-1.02
2722,夏都,95618.0,23.5,0.55,上市,,2.4
2723,美食-KY,112220.0,69.2,-0.8,上市,,-1.14
2727,王品,264126.0,227.5,-4.0,上市,,-1.73
2731,雄獅,373439.0,159.5,-1.5,上市,,-0.93
2739,寒舍,42245.0,34.1,0.0,上市,,0.0
2748,雲品,81385.0,39.8,0.1,上市,,0.25
2753,八方雲集,77403.0,179.5,-1.0,上市,,-0.55
2762,世界健身-KY,25896.0,71.6,-0.7,上市,,-0.97
2801,彰銀,10998627.0,20.5,-0.2,上市,,-0.97
2812,台中銀,6542119.0,20.75,0.0,上市,,0.0
2816,旺旺保,107525.0,30.55,-0.4,上市,,-1.29
2820,華票,606428.0,16.75,-0.05,上市,,-0.3
2832,台產,99226.0,46.7,-0.7,上市,,-1.48
2834,臺企銀,17179638.0,15.25,0.05,上市,,0.33
2836,高雄銀,590700.0,12.15,0.05,上市,,0.41
2836A,高雄銀甲特,33060.0,24.55,0.05,上市,,0.2
2838,聯邦銀,773032.0,20.75,-0.15,上市,,-0.72
2838A,聯邦銀甲特,176166.0,54.6,0.1,上市,,0.18
2845,遠東銀,3391557.0,12.55,0.0,上市,,0.0
2849,安泰銀,100135.0,13.05,-0.35,上市,,-2.61
2850,新產,169872.0,118.0,0.5,上市,,0.43
2851,中再保,1618626.0,30.4,-0.45,上市,,-1.46
2852,第一保,119584.0,25.85,-0.1,上市,,-0.39
2855,統一證,3192331.0,31.95,-0.6,上市,,-1.84
2867,三商壽,4334488.0,7.69,-0.04,上市,,-0.52
2880,華南金,14929354.0,33.85,0.15,上市,,0.45
2881,富邦金,10713620.0,87.8,0.0,上市,,0.0
2881A,富邦特,26784.0,64.1,0.1,上市,,0.16
2881B,富邦金乙特,124628.0,62.5,0.1,上市,,0.16
2881C,富邦金丙特,440672.0,51.6,0.0,上市,,0.0
2882,國泰金,18054289.0,71.8,-0.1,上市,,-0.14
2882A,國泰特,97011.0,62.2,0.1,上市,,0.16
2882B,國泰金乙特,458906.0,60.9,0.1,上市,,0.16
2883,凱基金,26251551.0,19.9,0.1,上市,,0.51
2883B,凱基金乙特,4310317.0,8.32,0.08,上市,,0.97
2884,玉山金,20530689.0,32.15,-0.15,上市,,-0.46
2885,元大金,27597587.0,45.85,-1.25,上市,,-2.65
2886,兆豐金,21454526.0,39.25,0.3,上市,,0.77
2887,台新新光金,220483780.0,24.35,0.3,上市,,1.25
2887E,台新新光戊特一,206625.0,50.8,0.1,上市,,0.2
2887F,台新新光戊特二,8000.0,47.45,0.05,上市,,0.11
2887G,台新新光庚特一,253015.0,41.8,0.05,上市,,0.12
2887H,台新新光庚特二,207339.0,40.5,0.2,上市,,0.5
2887I,台新新光辛特,4191844.0,9.41,0.04,上市,,0.43
2887Z1,台新新光己特,62968.0,17.6,0.0,上市,,0.0
2889,國票金,1997451.0,14.95,-0.05,上市,,-0.33
2890,永豐金,17840091.0,31.8,0.1,上市,,0.32
2891,中信金,50959018.0,54.5,0.8,上市,,1.49
2891B,中信金乙特,36188.0,64.2,0.0,上市,,0.0
2891C,中信金丙特,299669.0,61.5,0.5,上市,,0.82
2892,第一金,17820415.0,28.4,-0.05,上市,,-0.18
2897,王道銀行,2992084.0,10.05,0.0,上市,,0.0
2897B,王道銀乙特,27696.0,11.9,0.0,上市,,0.0
2901,欣欣,29070.0,23.3,-0.05,上市,,-0.21
2903,遠百,1450060.0,23.0,0.05,上市,,0.22
2904,匯僑,4117.0,16.7,0.0,上市,,0.0
2905,三商,310824.0,14.4,-0.15,上市,,-1.03
2906,高林,46063.0,13.0,-0.05,上市,,-0.38
2908,特力,131106.0,20.0,-0.1,上市,,-0.5
2910,統領,11001.0,21.05,-0.15,上市,,-0.71
2911,麗嬰房,62160.0,5.07,-0.06,上市,,-1.17
2912,統一超,2801552.0,227.0,1.5,上市,,0.67
2913,農林,843164.0,12.25,-0.05,上市,,-0.41
2915,潤泰全,1105824.0,47.9,-0.3,上市,,-0.62
2923,鼎固-KY,78705.0,17.2,-0.45,上市,,-2.55
2929,淘帝-KY,267133.0,6.17,-0.03,上市,,-0.48
2939,永邑-KY,5105.0,26.15,0.15,上市,,0.58
2945,三商家購,11843.0,40.6,0.55,上市,,1.37
3002,歐格,129291.0,18.2,-0.4,上市,,-2.15
3003,健和興,200912.0,49.4,-0.45,上市,,-0.9
3004,豐達科,410272.0,103.0,-5.0,上市,,-4.63
3005,神基,4809373.0,98.7,1.0,上市,,1.02
3006,晶豪科,2862899.0,150.5,-6.0,上市,,-3.83
3008,大立光,466551.0,2140.0,-50.0,上市,,-2.28
3010,華立,951719.0,119.5,0.5,上市,,0.42
3011,今皓,365359.0,12.35,-0.1,上市,,-0.8
3013,晟銘電,1533739.0,98.2,-1.7,上市,,-1.7
3014,聯陽,502368.0,115.5,-0.5,上市,,-0.43
3015,全漢,206513.0,49.5,-0.7,上市,,-1.39
3016,嘉晶,1139627.0,51.0,-1.8,上市,,-3.41
3017,奇鋐,3100871.0,2070.0,-40.0,上市,,-1.9
3018,隆銘綠能,18318.0,11.45,-0.55,上市,,-4.58
3019,亞光,1858720.0,120.5,-2.5,上市,,-2.03
3021,鴻名,49086.0,15.75,-0.15,上市,,-0.94
3022,威強電,838971.0,62.1,0.7,上市,,1.14
3023,信邦,2589716.0,261.0,1.5,上市,,0.58
3024,憶聲,992390.0,10.2,0.2,上市,,2.0
3025,星通,252834.0,57.4,-0.9,上市,,-1.54
3026,禾伸堂,3611648.0,138.5,-3.5,上市,,-2.46
3027,盛達,197194.0,19.1,-0.55,上市,,-2.8
3028,增你強,3514271.0,50.2,-0.2,上市,,-0.4
3029,零壹,1719396.0,93.9,-2.0,上市,,-2.09
3030,德律,5401950.0,247.5,-9.0,上市,,-3.51
3031,佰鴻,2193820.0,23.5,0.7,上市,,3.07
3032,偉訓,527292.0,61.1,-2.2,上市,,-3.48
3033,威健,2620848.0,31.85,-0.75,上市,,-2.3
3034,聯詠,2805846.0,382.0,-9.5,上市,,-2.43
3035,智原,1933823.0,139.0,-5.5,上市,,-3.81
3036,文曄,7787605.0,224.0,-1.0,上市,,-0.44
3037,欣興,49200504.0,519.0,30.5,上市,,6.24
3038,全台,93190.0,20.5,0.25,上市,,1.23
3040,遠見,131344.0,50.3,-1.2,上市,,-2.33
3041,揚智,428075.0,21.75,-0.45,上市,,-2.03
3042,晶技,1770224.0,91.8,-2.1,上市,,-2.24
3043,科風,98622.0,19.5,-0.5,上市,,-2.5
3044,健鼎,2551748.0,346.5,-8.5,上市,,-2.39
3045,台灣大,5673613.0,109.5,0.0,上市,,0.0
3046,建碁,77373.0,46.3,-0.3,上市,,-0.64
3047,訊舟,1157278.0,15.6,-0.45,上市,,-2.8
3048,益登,1420938.0,34.15,-0.55,上市,,-1.59
3049,精金,11014606.0,11.15,-0.55,上市,,-4.7
3050,鈺德,506396.0,13.05,-0.2,上市,,-1.51
3051,力特,298564.0,19.9,-0.2,上市,,-1.0
3052,夆典,306181.0,10.95,-0.05,上市,,-0.45
3054,立萬利,2510579.0,67.4,-6.9,上市,,-9.29
3055,蔚華科,286867.0,57.3,-1.2,上市,,-2.05
3056,富華新,608529.0,14.8,-0.15,上市,,-1.0
3057,喬鼎,68177.0,15.65,-0.1,上市,,-0.63
3058,立德,556156.0,9.39,-0.11,上市,,-1.16
3059,華晶科,903935.0,35.4,-0.7,上市,,-1.94
3060,銘異,3915178.0,28.55,-0.35,上市,,-1.21
3062,建漢,77056426.0,31.05,-1.55,上市,,-4.75
3090,日電貿,1507458.0,90.7,-1.8,上市,,-1.95
3092,鴻碩,504731.0,29.05,0.3,上市,,1.04
3094,聯傑,120022.0,22.4,-0.25,上市,,-1.1
3130,一零四,27431.0,221.0,0.0,上市,,0.0
3135,凌航,692443.0,104.5,-2.0,上市,,-1.88
3138,耀登,2885573.0,160.0,-10.5,上市,,-6.16
3149,正達,3286545.0,43.5,-1.65,上市,,-3.65
3150,鈺寶-創,75046.0,17.85,0.55,上市,,3.18
3164,景岳,24379.0,18.35,-0.15,上市,,-0.81
3167,大量,12708323.0,445.5,40.5,上市,,10.0
3168,眾福科,5017.0,40.95,0.1,上市,,0.24
3189,景碩,8260441.0,336.0,4.0,上市,,1.2
3209,全科,2591767.0,40.35,-1.15,上市,,-2.77
3229,晟鈦,120308.0,18.55,-1.05,上市,,-5.36
3231,緯創,15663058.0,125.0,-2.0,上市,,-1.57
3257,虹冠電,132686.0,52.6,-0.9,上市,,-1.68
3266,昇陽,15735.0,13.15,0.0,上市,,0.0
3296,勝德,14636.0,21.95,0.0,上市,,0.0
3305,昇貿,2004884.0,101.5,-3.5,上市,,-3.33
3308,聯德,88340.0,20.4,-0.3,上市,,-1.45
3311,閎暉,93655.0,31.45,-0.7,上市,,-2.18
3312,弘憶股,394361.0,34.95,-0.35,上市,,-0.99
3321,同泰,91808.0,15.7,0.0,上市,,0.0
3338,泰碩,556072.0,60.2,0.3,上市,,0.5
3346,麗清,138347.0,18.2,-0.1,上市,,-0.55
3356,奇偶,150249.0,48.1,-0.75,上市,,-1.54
3376,新日興,5076594.0,187.5,-8.5,上市,,-4.34
3380,明泰,4585469.0,35.55,-1.15,上市,,-3.13
3406,玉晶光,370022.0,444.0,-7.5,上市,,-1.66
3413,京鼎,795476.0,293.5,-1.5,上市,,-0.51
3416,融程電,106986.0,143.5,-0.5,上市,,-0.35
3419,譁裕,226044.0,15.5,-0.15,上市,,-0.96
3432,台端,50012.0,16.35,-0.3,上市,,-1.8
3437,榮創,5348035.0,20.3,-2.25,上市,,-9.98
3443,創意,1707978.0,2320.0,-35.0,上市,,-1.49
3447,展達,171294.0,37.4,-1.3,上市,,-3.36
3450,聯鈞,9144116.0,241.0,-6.5,上市,,-2.63
3481,群創,280976969.0,24.65,-0.4,上市,,-1.6
3494,誠研,104781.0,8.04,0.12,上市,,1.52
3501,維熹,65938.0,47.85,-0.45,上市,,-0.93
3504,揚明光,183538.0,51.2,-1.9,上市,,-3.58
3515,華擎,409621.0,201.0,-6.0,上市,,-2.9
3518,柏騰,83439.0,20.45,-0.15,上市,,-0.73
3528,安馳,117375.0,63.9,-0.6,上市,,-0.93
3530,晶相光,92700.0,57.4,-0.5,上市,,-0.86
3532,台勝科,1061919.0,130.5,-4.5,上市,,-3.33
3533,嘉澤,1259571.0,2045.0,-80.0,上市,,-3.76
3535,晶彩科,1954738.0,103.5,-2.5,上市,,-2.36
3543,州巧,1239450.0,45.95,-1.4,上市,,-2.96
3545,敦泰,1690779.0,47.7,-1.0,上市,,-2.05
3550,聯穎,1710771.0,17.6,-0.95,上市,,-5.12
3557,嘉威,36767.0,30.25,-0.4,上市,,-1.31
3563,牧德,2249731.0,775.0,0.0,上市,,0.0
3576,聯合再生,28675658.0,20.55,-0.75,上市,,-3.52
3583,辛耘,2365031.0,461.0,-4.0,上市,,-0.86
3588,通嘉,127906.0,46.35,-0.8,上市,,-1.7
3591,艾笛森,7428283.0,21.3,0.75,上市,,3.65
3592,瑞鼎,410096.0,218.0,-7.0,上市,,-3.11
3593,力銘,42207.0,12.9,-0.4,上市,,-3.01
3596,智易,3992123.0,165.0,-2.0,上市,,-1.2
3605,宏致,2386895.0,60.1,3.6,上市,,6.37
3607,谷崧,255122.0,14.15,-0.05,上市,,-0.35
3617,碩天,148762.0,168.5,-3.0,上市,,-1.75
3622,洋華,146837.0,56.6,-0.5,上市,,-0.88
3645,達邁,7517795.0,73.2,0.1,上市,,0.14
3652,精聯,27049.0,26.7,-0.2,上市,,-0.74
3653,健策,1635526.0,3710.0,-240.0,上市,,-6.08
3661,世芯-KY,2298688.0,2705.0,-25.0,上市,,-0.92
3665,貿聯-KY,4922718.0,1915.0,5.0,上市,,0.26
3669,圓展,43148.0,32.7,0.0,上市,,0.0
3673,TPK-KY,2805508.0,44.3,0.85,上市,,1.96
3679,新至陞,41400.0,117.0,-1.0,上市,,-0.85
3686,達能,255146.0,17.4,-0.5,上市,,-2.79
3694,海華,783485.0,53.6,-2.0,上市,,-3.6
3701,大眾控,3279480.0,53.3,-3.2,上市,,-5.66
3702,大聯大,12365975.0,88.0,-1.9,上市,,-2.11
3703,欣陸,447026.0,22.25,-0.15,上市,,-0.67
3704,合勤控,1813693.0,32.4,-0.65,上市,,-1.97
3705,永信,365120.0,55.5,1.0,上市,,1.83
3706,神達,6335854.0,74.7,-1.7,上市,,-2.23
3708,上緯投控,1803406.0,116.0,-6.5,上市,,-5.31
3711,日月光投控,24470659.0,361.0,0.0,上市,,0.0
3712,永崴投控,1449183.0,19.7,-2.15,上市,,-9.84
3714,富采,45397542.0,54.2,4.9,上市,,9.94
3715,定穎投控,32760078.0,172.0,-8.0,上市,,-4.44
3716,中化控股,70466.0,32.85,-0.4,上市,,-1.2
3717,聯嘉投控,1483852.0,22.1,-0.75,上市,,-3.28
4104,佳醫,251402.0,77.9,0.4,上市,,0.52
4106,雃博,60780.0,22.3,0.1,上市,,0.45
4108,懷特,75708.0,12.65,-0.15,上市,,-1.17
4119,旭富,55002.0,51.6,-0.3,上市,,-0.58
4133,亞諾法,137652.0,22.8,-0.05,上市,,-0.22
4137,麗豐-KY,134562.0,106.0,0.5,上市,,0.47
4142,國光生,1651835.0,18.9,0.1,上市,,0.53
4148,全宇生技-KY,71015.0,43.25,-0.35,上市,,-0.8
4155,訊映,41941.0,13.35,0.1,上市,,0.75
4164,承業醫,512439.0,30.95,-0.05,上市,,-0.16
4190,佐登-KY,17863.0,27.4,0.1,上市,,0.37
4306,炎洲,944509.0,13.6,-0.1,上市,,-0.73
4414,如興,462023.0,11.8,-0.25,上市,,-2.07
4426,利勤,281560.0,8.9,-0.1,上市,,-1.11
4438,廣越,31384.0,56.3,-0.4,上市,,-0.71
4439,冠星-KY,26346.0,84.2,-2.3,上市,,-2.66
4440,宜新實業,5290.0,17.2,0.2,上市,,1.18
4441,振大環球,104432.0,188.0,-4.0,上市,,-2.08
4526,東台,2736533.0,33.15,-1.3,上市,,-3.77
4532,瑞智,1139971.0,26.05,0.05,上市,,0.19
4536,拓凱,127598.0,149.5,-1.5,上市,,-0.99
4540,全球傳動,767047.0,40.8,-1.1,上市,,-2.63
4545,銘鈺,85033.0,30.2,-0.5,上市,,-1.63
4551,智伸科,264441.0,131.5,0.0,上市,,0.0
4552,力達-KY,19904.0,20.9,0.0,上市,,0.0
4555,氣立,108328.0,34.8,-0.65,上市,,-1.83
4557,永新-KY,32079.0,57.5,-0.4,上市,,-0.69
4560,強信-KY,126000.0,32.4,-0.35,上市,,-1.07
4562,穎漢,190931.0,29.8,-0.3,上市,,-1.0
4564,元翎,471985.0,18.85,-0.1,上市,,-0.53
4566,時碩工業,296889.0,56.5,-1.3,上市,,-2.25
4569,六方科-KY,29794.0,127.0,-1.5,上市,,-1.17
4571,鈞興-KY,210600.0,148.5,-2.0,上市,,-1.33
4572,駐龍,18621.0,142.5,0.0,上市,,0.0
4576,大銀微系統,1328179.0,130.5,-1.0,上市,,-0.76
4581,光隆精密-KY,4000.0,49.0,-0.1,上市,,-0.2
4583,台灣精銳,86823.0,632.0,-10.0,上市,,-1.56
4585,達明,154993.0,286.0,-3.0,上市,,-1.04
4588,玖鼎電力,35956.0,57.4,-0.2,上市,,-0.35
4590,富田-創,144528.0,72.3,-2.0,上市,,-2.69
4720,德淵,981292.0,17.5,-0.2,上市,,-1.13
4722,國精化,814588.0,159.0,-5.5,上市,,-3.34
4736,泰博,120191.0,122.5,0.0,上市,,0.0
4737,華廣,284492.0,70.3,-1.4,上市,,-1.95
4739,康普,1460955.0,76.4,-1.7,上市,,-2.18
4746,台耀,850485.0,55.6,-0.4,上市,,-0.71
4755,三福化,499548.0,138.0,-3.0,上市,,-2.13
4763,材料*-KY,2738465.0,42.2,-0.7,上市,,-1.63
4764,雙鍵,2050347.0,121.0,-4.5,上市,,-3.59
4766,南寶,451357.0,308.0,-6.5,上市,,-2.07
4770,上品,146855.0,216.5,-2.5,上市,,-1.14
4771,望隼,219535.0,179.5,-3.0,上市,,-1.64
4807,日成-KY,61205.0,14.25,-0.15,上市,,-1.04
4904,遠傳,3354406.0,92.5,-1.0,上市,,-1.07
4906,正文,188353559.0,39.3,-0.35,上市,,-0.88
4912,聯德控股-KY,244172.0,88.2,-2.2,上市,,-2.43
4915,致伸,1044871.0,71.0,-1.1,上市,,-1.53
4916,事欣科,2884387.0,54.6,-2.8,上市,,-4.88
4919,新唐,11710588.0,92.4,-2.1,上市,,-2.22
4927,泰鼎-KY,3466316.0,40.85,-0.6,上市,,-1.45
4930,燦星網,47571.0,19.45,-0.05,上市,,-0.26
4934,太極,1129659.0,15.95,-0.7,上市,,-4.2
4935,茂林-KY,53406.0,35.4,-0.8,上市,,-2.21
4938,和碩,5945310.0,78.0,-0.2,上市,,-0.26
4942,嘉彰,137433.0,38.65,-0.25,上市,,-0.64
4943,康控-KY,20222.0,10.7,-0.2,上市,,-1.83
4949,有成精密,4206166.0,64.1,-3.8,上市,,-5.6
4952,凌通,215729.0,39.1,-0.9,上市,,-2.25
4956,光鋐,5565133.0,32.95,0.6,上市,,1.85
4958,臻鼎-KY,39861027.0,213.5,-6.0,上市,,-2.73
4960,誠美材,22769320.0,20.4,-1.5,上市,,-6.85
4961,天鈺,955606.0,149.0,-4.0,上市,,-2.61
4967,十銓,8795138.0,209.0,-4.0,上市,,-1.88
4968,立積,928404.0,102.0,-3.0,上市,,-2.86
4976,佳凌,308287.0,27.1,-0.65,上市,,-2.34
4977,眾達-KY,5730747.0,178.0,-4.5,上市,,-2.47
4989,榮科,11365489.0,63.4,-2.8,上市,,-4.23
4994,傳奇,16006.0,98.0,-0.9,上市,,-0.91
4999,鑫禾,88254.0,21.35,-0.05,上市,,-0.23
5007,三星,46371.0,55.4,-0.6,上市,,-1.07
5203,訊連,808122.0,63.7,0.5,上市,,0.79
5215,科嘉-KY,49117.0,36.7,-0.4,上市,,-1.08
5222,全訊,873594.0,122.5,-4.5,上市,,-3.54
5225,東科-KY,231352.0,77.7,-1.1,上市,,-1.4
5234,達興材料,1444956.0,357.0,-4.0,上市,,-1.11
5243,乙盛-KY,17950793.0,93.7,4.8,上市,,5.4
5244,弘凱,1949079.0,40.2,1.25,上市,,3.21
5258,虹堡,223302.0,46.9,-1.0,上市,,-2.09
5269,祥碩,799622.0,1060.0,-35.0,上市,,-3.2
5283,禾聯碩,44679.0,54.5,0.6,上市,,1.11
5284,jpp-KY,654901.0,273.5,-1.5,上市,,-0.55
5285,界霖,126598.0,48.2,-0.55,上市,,-1.13
5288,豐祥-KY,70766.0,140.5,-1.0,上市,,-0.71
5292,華懋,546329.0,211.5,-17.5,上市,,-7.64
5306,桂盟,90261.0,86.6,-0.7,上市,,-0.8
5388,中磊,8389602.0,79.8,3.2,上市,,4.18
5434,崇越,1330306.0,331.5,9.0,上市,,2.79
5469,瀚宇博,2073397.0,79.4,-2.4,上市,,-2.93
5471,松翰,469308.0,36.85,-1.6,上市,,-4.16
5484,慧友,1894627.0,43.35,-1.35,上市,,-3.02
5515,建國,649310.0,36.15,-0.3,上市,,-0.82
5519,隆大,318238.0,33.2,-0.25,上市,,-0.75
5521,工信,3907873.0,12.65,0.05,上市,,0.4
5522,遠雄,1201553.0,72.7,0.1,上市,,0.14
5525,順天,48777.0,24.6,-0.15,上市,,-0.61
5531,鄉林,500661.0,8.88,0.01,上市,,0.11
5533,皇鼎,415048.0,14.4,-0.05,上市,,-0.35
5534,長虹,553613.0,77.7,-1.0,上市,,-1.27
5538,東明-KY,9040.0,29.45,0.1,上市,,0.34
5546,永固-KY,30020.0,16.75,0.3,上市,,1.82
5607,遠雄港,213880.0,45.55,0.05,上市,,0.11
5608,四維航,582203.0,16.25,-0.2,上市,,-1.22
5706,鳳凰,140040.0,51.5,-1.2,上市,,-2.28
5871,中租-KY,4783000.0,107.5,-1.5,上市,,-1.38
5871A,中租-KY甲特,48681.0,102.0,0.0,上市,,0.0
5876,上海商銀,4893610.0,39.55,0.3,上市,,0.76
5880,合庫金,9246456.0,23.65,-0.15,上市,,-0.63
5906,台南-KY,3000.0,47.0,0.0,上市,,0.0
5907,大洋-KY,135200.0,5.79,0.02,上市,,0.35
6005,群益證,3417731.0,27.75,-0.4,上市,,-1.42
6024,群益期,275065.0,55.9,-0.5,上市,,-0.89
6108,競國,201605.0,16.25,0.05,上市,,0.31
6112,邁達特,204822.0,42.95,-0.5,上市,,-1.15
6115,鎰勝,103241.0,46.9,-0.05,上市,,-0.11
6116,彩晶,19195547.0,8.21,-0.04,上市,,-0.48
6117,迎廣,140879.0,69.7,-0.4,上市,,-0.57
6120,達運,3509947.0,12.85,0.15,上市,,1.18
6128,上福,170384.0,20.95,0.05,上市,,0.24
6133,金橋,1018105.0,21.95,-0.7,上市,,-3.09
6136,富爾特,93341.0,24.3,0.05,上市,,0.21
6139,亞翔,2425334.0,521.0,-4.0,上市,,-0.76
6141,柏承,567841.0,20.95,0.05,上市,,0.24
6142,友勁,512582.0,9.38,-0.13,上市,,-1.37
6152,百一,4320035.0,16.5,0.45,上市,,2.8
6153,嘉聯益,2220014.0,16.2,0.0,上市,,0.0
6155,鈞寶,1199289.0,42.0,-2.5,上市,,-5.62
6164,華興,291495.0,11.6,-0.2,上市,,-1.69
6165,浪凡,178265.0,45.4,0.3,上市,,0.67
6166,凌華,291451.0,57.0,-0.8,上市,,-1.38
6168,宏齊,13553796.0,26.0,2.35,上市,,9.94
6176,瑞儀,1917521.0,92.0,-1.5,上市,,-1.6
6177,達麗,494958.0,46.9,-0.15,上市,,-0.32
6183,關貿,50245.0,91.5,-1.2,上市,,-1.29
6184,大豐電,32504.0,47.7,0.2,上市,,0.42
6189,豐藝,305451.0,44.7,-0.5,上市,,-1.11
6191,精成科,2944703.0,88.3,-2.5,上市,,-2.75
6192,巨路,125714.0,115.5,-2.0,上市,,-1.7
6196,帆宣,1123143.0,282.0,2.0,上市,,0.71
6197,佳必琪,1745762.0,157.5,-5.5,上市,,-3.37
6201,亞弘電,19799.0,50.9,1.1,上市,,2.21
6202,盛群,1942136.0,45.3,-2.4,上市,,-5.03
6205,詮欣,559371.0,51.8,-1.8,上市,,-3.36
6206,飛捷,479629.0,96.7,-2.0,上市,,-2.03
6209,今國光,1210171.0,50.2,-0.1,上市,,-0.2
6213,聯茂,59038515.0,170.0,7.0,上市,,4.29
6214,精誠,322381.0,107.5,0.0,上市,,0.0
6215,和椿,816402.0,94.1,-3.9,上市,,-3.98
6216,居易,79348.0,24.9,-0.15,上市,,-0.6
6224,聚鼎,72842.0,39.85,-0.2,上市,,-0.5
6225,天瀚,10602.0,19.4,0.3,上市,,1.57
6226,光鼎,1146480.0,12.0,-0.9,上市,,-6.98
6230,尼得科超眾,61643.0,142.0,-2.0,上市,,-1.39
6235,華孚,437160.0,46.0,-1.2,上市,,-2.54
6239,力成,13058004.0,202.0,7.0,上市,,3.59
6243,迅杰,109986.0,28.65,-0.2,上市,,-0.69
6257,矽格,16219418.0,151.0,-5.0,上市,,-3.21
6269,台郡,1063906.0,59.2,0.7,上市,,1.2
6271,同欣電,5005875.0,151.5,2.5,上市,,1.68
6272,驊陞,162041.0,31.3,-0.9,上市,,-2.8
6277,宏正,394217.0,72.1,-0.1,上市,,-0.14
6278,台表科,1602049.0,94.1,-0.9,上市,,-0.95
6281,全國電,131062.0,55.6,-0.6,上市,,-1.07
6282,康舒,12110032.0,44.0,-1.25,上市,,-2.76
6283,淳安,91720.0,20.3,-0.1,上市,,-0.49
6285,啟碁,26648359.0,179.5,1.5,上市,,0.84
6405,悅城,1276619.0,37.15,3.35,上市,,9.91
6409,旭隼,600389.0,739.0,-39.0,上市,,-5.01
6412,群電,616638.0,73.0,0.0,上市,,0.0
6414,樺漢,1048650.0,272.5,-2.0,上市,,-0.73
6415,矽力*-KY,3853247.0,274.0,-8.5,上市,,-3.01
6416,瑞祺電通,108741.0,78.2,-1.6,上市,,-2.01
6426,統新,448311.0,157.5,8.0,上市,,5.35
6431,光麗-KY,174114.0,22.5,-0.45,上市,,-1.96
6438,迅得,3120537.0,170.0,-2.5,上市,,-1.45
6442,光聖,3799843.0,2000.0,-30.0,上市,,-1.48
6443,元晶,37560091.0,38.8,-2.35,上市,,-5.71
6446,藥華藥,854965.0,632.0,-3.0,上市,,-0.47
6449,鈺邦,405282.0,147.5,-3.5,上市,,-2.32
6451,訊芯-KY,1815436.0,295.5,-9.5,上市,,-3.11
6456,GIS-KY,5806701.0,56.0,1.6,上市,,2.94
6464,台數科,21704.0,75.9,-0.6,上市,,-0.78
6472,保瑞,577317.0,449.0,-10.0,上市,,-2.18
6477,安集,684366.0,32.75,-0.85,上市,,-2.53
6491,晶碩,471160.0,290.0,8.5,上市,,3.02
6504,南六,32241.0,40.75,-1.0,上市,,-2.4
6505,台塑化,9622606.0,54.7,-1.0,上市,,-1.8
6515,穎崴,435413.0,6605.0,-685.0,上市,,-9.4
6525,捷敏-KY,163072.0,79.6,-0.9,上市,,-1.12
6526,達發,374998.0,476.5,-7.0,上市,,-1.45
6531,愛普*,2564980.0,440.0,-20.0,上市,,-4.35
6533,晶心科,253529.0,174.5,-4.5,上市,,-2.51
6534,正瀚-創,509181.0,91.0,-1.0,上市,,-1.09
6541,泰福-KY,465512.0,41.9,0.6,上市,,1.45
6550,北極星藥業-KY,3687999.0,19.9,-0.4,上市,,-1.97
6552,易華電,58001.0,25.7,-0.15,上市,,-0.58
6558,興能高,342526.0,27.2,-1.05,上市,,-3.72
6573,虹揚-KY,254133.0,12.25,-0.25,上市,,-2.0
6579,研揚,53287.0,113.5,-1.5,上市,,-1.3
6581,鋼聯,5360.0,106.5,-0.5,上市,,-0.47
6582,申豐,303968.0,33.95,0.3,上市,,0.89
6585,鼎基,113470.0,92.2,-2.8,上市,,-2.95
6589,台康生技,422426.0,57.3,0.3,上市,,0.53
6591,動力-KY,214786.0,59.7,-0.3,上市,,-0.5
6592,和潤企業,402416.0,63.1,0.0,上市,,0.0
6592A,和潤企業甲特,2776.0,97.5,0.0,上市,,0.0
6592B,和潤企業乙特,12590.0,97.9,0.0,上市,,0.0
6598,ABC-KY,49829.0,23.1,-0.3,上市,,-1.28
6605,帝寶,190170.0,132.0,-3.5,上市,,-2.58
6606,建德工業,71794.0,24.15,-0.15,上市,,-0.62
6614,資拓宏宇,65635.0,40.2,-1.05,上市,,-2.55
6625,必應,142358.0,76.2,-1.0,上市,,-1.3
6641,基士德-KY,31286.0,18.55,0.0,上市,,0.0
6645,金萬林-創,82750.0,13.3,-0.35,上市,,-2.56
6655,科定,1123.0,128.5,0.5,上市,,0.39
6657,華安,143341.0,40.7,-0.8,上市,,-1.93
6658,聯策,1588117.0,73.0,-0.9,上市,,-1.22
6666,羅麗芬-KY,8060.0,40.2,-0.1,上市,,-0.25
6668,中揚光,158985.0,34.15,-0.25,上市,,-0.73
6669,緯穎,1307355.0,3410.0,-10.0,上市,,-0.29
6670,復盛應用,486722.0,257.0,-8.0,上市,,-3.02
6671,三能-KY,75177.0,30.5,0.25,上市,,0.83
6672,騰輝電子-KY,6111173.0,129.5,-0.5,上市,,-0.38
6674,鋐寶科技,12006.0,18.05,0.25,上市,,1.4
6689,伊雲谷,529589.0,74.2,-2.4,上市,,-3.13
6691,洋基工程,461761.0,561.0,-13.0,上市,,-2.26
6695,芯鼎,216125.0,38.25,-1.0,上市,,-2.55
6698,旭暉應材,71011.0,29.8,0.0,上市,,0.0
6706,惠特,6320204.0,119.5,4.5,上市,,3.91
6715,嘉基,2007613.0,312.0,-17.5,上市,,-5.31
6719,力智,281820.0,159.5,-3.5,上市,,-2.15
6722,輝創,106603.0,38.85,-1.0,上市,,-2.51
6742,澤米,108966.0,40.1,0.05,上市,,0.12
6743,安普新,107085.0,22.2,-0.35,上市,,-1.55
6753,龍德造船,400089.0,126.0,-2.5,上市,,-1.95
6754,匯僑設計,15396.0,45.0,-0.1,上市,,-0.22
6756,威鋒電子,71673.0,70.5,-0.5,上市,,-0.7
6757,台灣虎航,1719120.0,49.0,-1.6,上市,,-3.16
6768,志強-KY,885633.0,84.6,-3.4,上市,,-3.86
6770,力積電,155762985.0,53.5,-1.4,上市,,-2.55
6771,平和環保-創,123245.0,43.9,-0.15,上市,,-0.34
6776,展碁國際,317871.0,57.0,-1.3,上市,,-2.23
6781,AES-KY,1169779.0,957.0,-41.0,上市,,-4.11
6782,視陽,138301.0,191.5,-6.0,上市,,-3.04
6789,采鈺,2504599.0,318.0,0.0,上市,,0.0
6790,永豐實,101699.0,40.7,0.0,上市,,0.0
6792,詠業,32453.0,54.2,-1.1,上市,,-1.99
6794,向榮生技,23091.0,81.6,0.9,上市,,1.12
6796,晉弘,53989.0,72.2,-1.6,上市,,-2.17
6799,來頡,150014.0,73.8,-0.9,上市,,-1.2
6805,富世達,1699169.0,1885.0,-40.0,上市,,-2.08
6806,森崴能源,694249.0,34.75,-3.85,上市,,-9.97
6807,峰源-KY,3000.0,42.05,-0.3,上市,,-0.71
6830,汎銓,5759569.0,565.0,51.0,上市,,9.92
6831,邁科,1562545.0,386.5,0.0,上市,,0.0
6834,天二科技,195922.0,31.3,-0.65,上市,,-2.03
6835,圓裕,226022.0,37.4,-0.1,上市,,-0.27
6838,台新藥,174910.0,27.95,-0.3,上市,,-1.06
6854,錼創科技-KY創,600835.0,139.0,-2.0,上市,,-1.42
6861,睿生光電,350711.0,129.0,-3.0,上市,,-2.27
6862,三集瑞-KY,344848.0,159.5,-2.0,上市,,-1.24
6863,永道-KY,69849.0,88.5,-1.9,上市,,-2.1
6869,雲豹能源,842967.0,85.0,-3.9,上市,,-4.39
6873,泓德能源,750999.0,82.5,-1.7,上市,,-2.02
6885,全福生技,323340.0,25.05,0.7,上市,,2.87
6887,寶綠特-KY,100108.0,44.95,-0.55,上市,,-1.21
6890,來億-KY,673570.0,168.0,0.5,上市,,0.3
6901,鑽石投資,404020.0,14.25,0.25,上市,,1.79
6902,GOGOLOOK,28605.0,74.0,-0.8,上市,,-1.07
6906,現觀科,20192.0,68.0,0.0,上市,,0.0
6908,宏碁遊戲-創,39200.0,39.55,-1.5,上市,,-3.65
6909,創控,3123931.0,48.45,4.4,上市,,9.99
6914,阜爾運通,31798.0,148.5,0.0,上市,,0.0
6916,華凌,26070.0,17.3,-0.2,上市,,-1.14
6918,愛派司,15100.0,78.5,0.1,上市,,0.13
6919,康霈*,47321422.0,95.8,0.9,上市,,0.95
6921,嘉雨思-創,14000.0,70.1,-0.9,上市,,-1.27
6923,中台,182330.0,74.7,-0.9,上市,,-1.19
6924,榮惠-KY創,31000.0,79.5,-0.2,上市,,-0.25
6928,攸泰科技,60083.0,46.4,-0.9,上市,,-1.9
6931,青松健康,79269.0,50.5,-0.5,上市,,-0.98
6933,AMAX-KY,337257.0,139.5,12.5,上市,,9.84
6934,心誠鎂,652572.0,83.1,-2.0,上市,,-2.35
6936,永鴻生技,38008.0,34.5,-0.15,上市,,-0.43
6937,天虹,374148.0,240.5,-5.0,上市,,-2.04
6944,兆聯實業,852417.0,780.0,-30.0,上市,,-3.7
6949,沛爾生醫-創,103713.0,562.0,-8.0,上市,,-1.4
6951,青新-創,18718.0,78.6,-0.2,上市,,-0.25
6952,大武山,3000.0,38.05,-0.3,上市,,-0.78
6955,邦睿生技-創,11009.0,162.0,-1.5,上市,,-0.92
6957,裕慶-KY,40716.0,156.0,-4.5,上市,,-2.8
6958,日盛台駿,151424.0,17.95,0.0,上市,,0.0
6958A,日盛台駿甲特,5000.0,18.5,0.05,上市,,0.27
6962,奕力-KY,2124569.0,32.6,-0.7,上市,,-2.1
6965,中傑-KY,66601.0,86.1,0.0,上市,,0.0
6969,成信實業*-創,24000.0,28.15,-0.45,上市,,-1.57
6988,威力暘-創,96235.0,15.35,0.4,上市,,2.68
6994,富威電力,2305492.0,65.6,-7.2,上市,,-9.89
7610,聯友金屬-創,1131430.0,378.0,11.5,上市,,3.14
7631,聚賢研發-創,34169.0,111.5,0.0,上市,,0.0
7705,三商餐飲,12775.0,34.65,0.05,上市,,0.14
7711,永擎,154096.0,264.5,-1.0,上市,,-0.38
7721,微程式,1166046.0,77.6,0.7,上市,,0.91
7722,LINEPAY,133649.0,300.0,-6.5,上市,,-2.12
7730,暉盛-創,71377.0,167.5,1.5,上市,,0.9
7732,金興精密,3002.0,34.0,-0.95,上市,,-2.72
7736,虎山,14050.0,80.0,-1.9,上市,,-2.32
7740,熙特爾-創,143187.0,173.5,-5.0,上市,,-2.8
7749,意騰-KY,148089.0,355.0,-5.0,上市,,-1.39
7750,新代,204877.0,1340.0,-15.0,上市,,-1.11
7765,中華資安,81614.0,220.0,-6.5,上市,,-2.87
7769,鴻勁,1309214.0,3835.0,-20.0,上市,,-0.52
7780,大研生醫*,7407595.0,22.25,2.0,上市,,9.88
7786,東方風能,166253.0,128.0,-4.0,上市,,-3.03
7788,松川精密,189088.0,132.0,-5.5,上市,,-4.0
7791,皇家可口,52314.0,65.1,-0.2,上市,,-0.31
7795,長廣,432297.0,322.5,-17.0,上市,,-5.01
7799,禾榮科,315910.0,341.0,-7.0,上市,,-2.01
7822,倍利科,1071121.0,1615.0,70.0,上市,,4.53
7823,奧義賽博-KY創,2054.0,82.5,0.3,上市,,0.36
8011,台通,965826.0,20.1,-0.45,上市,,-2.19
8016,矽創,403010.0,191.0,-3.5,上市,,-1.8
8021,尖點,13313455.0,242.5,-5.5,上市,,-2.22
8028,昇陽半導體,8528090.0,170.0,-7.5,上市,,-4.23
8033,雷虎,2281017.0,134.0,-5.0,上市,,-3.6
8039,台虹,16524819.0,122.0,11.0,上市,,9.91
8045,達運光電,179639.0,72.2,-1.9,上市,,-2.56
8046,南電,46908295.0,568.0,-6.0,上市,,-1.05
8070,長華*,1496515.0,43.0,-0.35,上市,,-0.81
8072,陞泰,180547.0,26.7,-0.55,上市,,-2.02
8081,致新,269478.0,230.5,-1.5,上市,,-0.65
8101,華冠,17665.0,13.7,-0.7,上市,,-4.86
8103,瀚荃,492912.0,79.3,-1.4,上市,,-1.73
8104,錸寶,436671.0,32.0,-0.65,上市,,-1.99
8105,凌巨,2428683.0,13.15,0.25,上市,,1.94
8110,華東,17086660.0,48.7,-2.2,上市,,-4.32
8112,至上,7937133.0,75.0,-1.6,上市,,-2.09
8112A,至上甲特,22301.0,46.2,0.1,上市,,0.22
8114,振樺電,257433.0,167.0,-2.5,上市,,-1.47
8131,福懋科,2782016.0,58.9,-2.2,上市,,-3.6
8150,南茂,8772457.0,56.7,1.2,上市,,2.16
8162,微矽電子-創,35086.0,38.25,-0.45,上市,,-1.16
8163,達方,337654.0,27.0,-0.2,上市,,-0.74
8201,無敵,52314.0,12.35,-0.15,上市,,-1.2
8210,勤誠,5623445.0,841.0,-58.0,上市,,-6.45
8213,志超,565065.0,33.3,-0.35,上市,,-1.04
8215,明基材,6834396.0,24.2,0.1,上市,,0.41
8222,寶一,289498.0,34.2,-0.95,上市,,-2.7
8249,菱光,254274.0,47.0,-0.9,上市,,-1.88
8261,富鼎,1481869.0,100.5,1.2,上市,,1.21
8271,宇瞻,1091301.0,145.5,2.5,上市,,1.75
8341,日友,138443.0,76.2,-0.1,上市,,-0.13
8367,建新國際,15150.0,43.1,-0.05,上市,,-0.12
8374,羅昇,202566.0,65.3,-2.1,上市,,-3.12
8404,百和興業-KY,322654.0,18.05,-0.5,上市,,-2.7
8411,福貞-KY,27377.0,12.25,0.05,上市,,0.41
8422,可寧衛*,9346852.0,28.75,-0.5,上市,,-1.71
8429,金麗-KY,148089.0,6.81,-0.07,上市,,-1.02
8438,昶昕,11027213.0,71.2,2.5,上市,,3.64
8442,威宏-KY,12316.0,51.7,0.0,上市,,0.0
8443,阿瘦,59308.0,12.05,-0.05,上市,,-0.41
8454,富邦媒,281688.0,181.0,1.0,上市,,0.56
8462,柏文,55742.0,138.5,-2.5,上市,,-1.77
8463,潤泰材,78025.0,22.2,-0.1,上市,,-0.45
8464,億豐,1385984.0,337.0,-9.0,上市,,-2.6
8466,美吉吉-KY,20100.0,18.25,-0.15,上市,,-0.82
8467,波力-KY,13390.0,148.0,1.0,上市,,0.68
8473,山林水,318502.0,37.7,-0.15,上市,,-0.4
8476,台境*,322846.0,18.5,-0.45,上市,,-2.37
8478,東哥遊艇,93104.0,156.0,-2.5,上市,,-1.58
8481,政伸,10000.0,42.1,0.3,上市,,0.72
8482,商億-KY,7000.0,47.0,-0.35,上市,,-0.74
8487,愛爾達-創,9857.0,80.4,1.4,上市,,1.77
8488,吉源-KY,3000.0,9.77,-0.05,上市,,-0.51
8499,鼎炫-KY,98803.0,254.0,-6.0,上市,,-2.31
8926,台汽電,1389137.0,43.45,-0.2,上市,,-0.46
8940,新天地,28229.0,18.4,0.1,上市,,0.55
8996,高力,4300820.0,866.0,-42.0,上市,,-4.63
9103,美德醫療-DR,503878.0,5.13,-0.07,上市,,-1.35
910322,康師傅-DR,34700.0,26.75,0.3,上市,,1.13
9105,泰金寶-DR,7408993.0,5.54,-0.01,上市,,-0.18
910861,神州-DR,394003.0,4.43,0.0,上市,,0.0
9110,越南控-DR,25000.0,3.1,0.0,上市,,0.0
911608,明輝-DR,32000.0,2.92,-0.04,上市,,-1.35
911622,泰聚亨-DR,3000.0,3.97,0.0,上市,,0.0
911868,同方友友-DR,61020.0,1.25,0.01,上市,,0.81
912000,晨訊科-DR,82000.0,2.51,0.0,上市,,0.0
9136,巨騰-DR,1086271.0,8.7,0.0,上市,,0.0
9802,鈺齊-KY,1456493.0,76.8,-1.4,上市,,-1.79
9902,台火,124150.0,14.2,-0.1,上市,,-0.7
9904,寶成,5987253.0,28.45,-0.4,上市,,-1.39
9905,大華,59681.0,21.05,-0.25,上市,,-1.17
9906,欣巴巴,50918.0,41.2,-0.35,上市,,-0.84
9907,統一實,1443763.0,18.5,-0.15,上市,,-0.8
9908,大台北,292487.0,29.9,0.05,上市,,0.17
9910,豐泰,2078819.0,79.0,-2.7,上市,,-3.3
9911,櫻花,363383.0,84.6,0.1,上市,,0.12
9912,偉聯,205891.0,12.8,0.1,上市,,0.79
9914,美利達,1986645.0,64.6,-0.9,上市,,-1.37
9917,中保科,484619.0,115.5,0.0,上市,,0.0
9918,欣天然,482702.0,46.5,0.1,上市,,0.22
9919,康那香,248397.0,15.65,0.0,上市,,0.0
9921,巨大,1233185.0,71.1,-0.5,上市,,-0.7
9924,福興,194211.0,45.05,-0.3,上市,,-0.66
9925,新保,119959.0,40.8,0.0,上市,,0.0
9926,新海,36337.0,49.7,0.05,上市,,0.1
9927,泰銘,83624.0,68.2,0.0,上市,,0.0
9928,中視,111371.0,17.9,-0.1,上市,,-0.56
9929,秋雨,91411.0,12.7,0.0,上市,,0.0
9930,中聯資源,24620.0,70.3,0.0,上市,,0.0
9931,欣高,199749.0,37.3,0.6,上市,,1.63
9933,中鼎,4752354.0,35.65,0.15,上市,,0.42
9934,成霖,570439.0,9.35,-0.05,上市,,-0.53
9935,慶豐富,95275.0,19.05,-0.1,上市,,-0.52
9937,全國,50013.0,56.5,-0.1,上市,,-0.18
9938,百和,1561331.0,45.9,-0.75,上市,,-1.61
9939,宏全,477431.0,116.0,-1.0,上市,,-0.85
9940,信義,183228.0,20.0,-0.05,上市,,-0.25
9941,裕融,1288397.0,76.1,-0.7,上市,,-0.91
9941A,裕融甲特,5706.0,50.8,0.2,上市,,0.4
9942,茂順,62955.0,115.0,0.5,上市,,0.44
9943,好樂迪,36690.0,57.6,-0.3,上市,,-0.52
9944,新麗,42664.0,16.4,0.2,上市,,1.23
9945,潤泰新,2908810.0,25.4,-0.2,上市,,-0.78
9946,三發地產,304658.0,17.1,-0.5,上市,,-2.84
9955,佳龍,319472.0,30.45,-0.85,上市,,-2.72
9958,世紀鋼,5589406.0,103.0,-9.5,上市,,-8.44
,元大美債20年,,27.31,0.12,上櫃,1150407,0.44
,國泰20年美債,,28.37,0.12,上櫃,1150407,0.42
,國泰20年美債+櫃U,,9.4,0.07,上櫃,1150407,0.75
,富邦美債1-3,,42.23,-0.06,上櫃,1150407,-0.14
,富邦美債7-10,,35.89,0.03,上櫃,1150407,0.08
,富邦美債20年,,29.74,0.15,上櫃,1150407,0.51
,元大美債7-10,,36.15,0.02,上櫃,1150407,0.06
,元大美債1-3,,31.48,-0.04,上櫃,1150407,-0.13
,元大投資級公司債,,33.59,0.23,上櫃,1150407,0.69
,群益投資級電信債,,36.84,0.25,上櫃,1150407,0.68
,群益投資級科技債,,31.42,0.24,上櫃,1150407,0.77
,群益投資級金融債,,34.29,0.19,上櫃,1150407,0.56
,國泰投資級公司債,,35.66,0.29,上櫃,1150407,0.82
,國泰新興投等債,,33.2,0.08,上櫃,1150407,0.24
,國泰優選非投等債,,40.27,0.12,上櫃,1150407,0.3
,富邦全球投等債,,39.08,0.31,上櫃,1150407,0.8
,富邦全球非投等債,,37.96,0.24,上櫃,1150407,0.64
,富邦A級公司債,,36.19,0.23,上櫃,1150407,0.64
,凱基新興債10+,,31.85,0.11,上櫃,1150407,0.35
,凱基科技債10+,,33.71,0.29,上櫃,1150407,0.87
,元大AAA至A公司債,,32.09,0.26,上櫃,1150407,0.82
,群益AAA-AA公司債,,34.31,0.24,上櫃,1150407,0.7
,群益投資級公用債,,33.24,0.22,上櫃,1150407,0.67
,群益投等新興公債,,31.49,-0.09,上櫃,1150407,-0.28
,復華能源債,,52.1,0.4,上櫃,1150407,0.77
,復華製藥債,,55.4,0.45,上櫃,1150407,0.82
,復華新興企業債,,53.75,0.35,上櫃,1150407,0.66
,國泰A級公司債,,35.04,0.28,上櫃,1150407,0.81
,群益25年美債,,28.37,0.15,上櫃,1150407,0.53
,復華20年美債,,51.5,0.15,上櫃,1150407,0.29
,中信高評級公司債,,34.16,0.25,上櫃,1150407,0.74
,中信優先金融債,,36.16,0.23,上櫃,1150407,0.64
,凱基AAA至A公司債,,33.2,0.21,上櫃,1150407,0.64
,凱基金融債20+,,34.79,0.22,上櫃,1150407,0.64
,凱基美債25+,,28.74,0.11,上櫃,1150407,0.38
,國泰A級金融債,,37.85,-0.02,上櫃,1150407,-0.05
,國泰A級科技債,,29.1,0.14,上櫃,1150407,0.48
,國泰A級公用債,,31.12,0.19,上櫃,1150407,0.61
,富邦金融投等債,,35.46,0.18,上櫃,1150407,0.51
,元大10年IG銀行債,,33.16,0.16,上櫃,1150407,0.48
,元大10年IG醫療債,,32.91,0.2,上櫃,1150407,0.61
,元大10年IG電能債,,30.43,0.21,上櫃,1150407,0.69
,復華公司債A3,,49.39,0.18,上櫃,1150407,0.37
,復華信用債1-5,,57.5,0.0,上櫃,1150407,0.0
,群益A級公司債,,32.05,0.2,上櫃,1150407,0.63
,群益AAA-A醫療債,,31.16,0.23,上櫃,1150407,0.74
,中信美國公債20年,,27.56,0.14,上櫃,1150407,0.51
,國泰A級醫療債,,30.18,0.16,上櫃,1150407,0.53
,第一金金融債10+,,34.6,0.15,上櫃,1150407,0.44
,永豐10年A公司債,,29.11,0.22,上櫃,1150407,0.76
,凱基IG精選15+,,30.4,0.21,上櫃,1150407,0.7
,凱基AAA-AA公司債,,29.64,0.17,上櫃,1150407,0.58
,台新美元銀行債,,31.61,0.13,上櫃,1150407,0.41
,新光15年IG金融債,,32.0,0.15,上櫃,1150407,0.47
,富邦新興投等債,,33.43,0.03,上櫃,1150407,0.09
,富邦歐洲銀行債,,36.33,0.11,上櫃,1150407,0.3
,中信美國市政債,,26.14,0.19,上櫃,1150407,0.73
,中信新興亞洲債,,34.71,0.04,上櫃,1150407,0.12
,中信EM主權債0-5,,37.73,-0.05,上櫃,1150407,-0.13
,統一美債10年Aa-A,,28.07,0.17,上櫃,1150407,0.61
,永豐1-3年美公債,,37.99,-0.11,上櫃,1150407,-0.29
,永豐20年美公債,,23.63,0.11,上櫃,1150407,0.47
,永豐美國500大,,31.79,0.42,上櫃,1150407,1.34
,群益0-1年美債,,41.33,-0.05,上櫃,1150407,-0.12
,群益1-5Y投資級債,,38.49,-0.02,上櫃,1150407,-0.05
,中信投資級公司債,,31.92,0.21,上櫃,1150407,0.66
,中信全球電信債,,32.54,0.23,上櫃,1150407,0.71
,中信美國公債0-1,,46.76,-0.06,上櫃,1150407,-0.13
,新光A-BBB電信債,,31.79,0.15,上櫃,1150407,0.47
,元大15年EM主權債,,28.62,0.04,上櫃,1150407,0.14
,復華中國5G,,27.57,0.22,上櫃,1150407,0.8
,中信ESG投資級債,,31.25,0.21,上櫃,1150407,0.68
,中信低碳新興債,,29.87,0.05,上櫃,1150407,0.17
,永豐美國科技,,34.29,0.14,上櫃,1150407,0.41
,永豐中國科技50大,,12.08,0.0,上櫃,1150407,0.0
,永豐台灣ESG,,23.09,0.56,上櫃,1150407,2.49
,凱基ESG BBB債15+,,32.63,0.13,上櫃,1150407,0.4
,中信上櫃ESG 30,,24.92,0.89,上櫃,1150407,3.7
,統一美債20年,,13.82,0.07,上櫃,1150407,0.51
,國泰10Y+金融債,,16.17,0.08,上櫃,1150407,0.5
,群益ESG投等債20+,,14.97,0.1,上櫃,1150407,0.67
,台新美A公司債20+,,14.53,0.11,上櫃,1150407,0.76
,中信優息投資級債,,9.55,0.07,上櫃,1150407,0.74
,凱基A級公司債,,14.24,0.1,上櫃,1150407,0.71
,中信日本商社,,15.86,0.0,上櫃,1150407,0.0
,兆豐US優選投等債,,13.65,0.08,上櫃,1150407,0.59
,永豐ESG銀行債15+,,9.35,0.07,上櫃,1150407,0.75
,大華投等美債15Y+,,9.43,0.06,上櫃,1150407,0.64
,統一ESG投等債15+,,14.06,0.12,上櫃,1150407,0.86
,元大優息美債,,9.29,0.03,上櫃,1150407,0.32
,元大優息投等債,,9.36,0.04,上櫃,1150407,0.43
,元大零息超長美債,,8.53,0.09,上櫃,1150407,1.07
,新光BBB投等債20+,,9.45,0.08,上櫃,1150407,0.85
,台新特選IG債10+,,9.57,0.08,上櫃,1150407,0.84
,主動聯博投等入息,,20.53,0.06,上櫃,1150407,0.29
,平衡凱基美國TOP,,10.25,0.06,上櫃,1150407,0.59
,第一金優選非投債,,9.36,0.05,上櫃,1150407,0.54
,主動中信非投等債,,10.4,0.05,上櫃,1150407,0.48
,FT投資級債20+,,9.93,0.07,上櫃,1150407,0.71
,大華優利美公債20,,15.99,0.06,上櫃,1150407,0.38
,大華優利美A債15,,16.54,0.12,上櫃,1150407,0.73
,主動貝萊德優投等,,10.19,0.06,上櫃,1150407,0.59
,FT金融債10+,,10.0,0.03,上櫃,1150407,0.3
,野村10+澳洲公債,,15.47,0.08,上櫃,1150407,0.52
,玉山嚴選非投債,,19.96,0.01,上櫃,1150407,0.05
,台新美國非投等債,,10.0,0.01,上櫃,1150407,0.1
,茂生農經,,59.1,-0.1,上櫃,1150407,-0.17
,安心,,58.7,-1.9,上櫃,1150407,-3.14
,德麥,,280.0,0.5,上櫃,1150407,0.18
,漢來美食,,157.0,0.0,上櫃,1150407,0.0
,漢田生技,,81.0,-0.5,上櫃,1150407,-0.61
,生合,,59.8,-4.4,上櫃,1150407,-6.85
,台翰,,13.85,-0.2,上櫃,1150407,-1.42
,精華,,103.0,-1.5,上櫃,1150407,-1.44
,濱川,,50.6,1.3,上櫃,1150407,2.64
,力肯,,31.6,0.3,上櫃,1150407,0.96
,新麥,,129.0,-0.5,上櫃,1150407,-0.39
,精剛,,21.65,-0.1,上櫃,1150407,-0.46
,和勤,,22.7,0.05,上櫃,1150407,0.22
,駿吉-KY,,43.75,3.1,上櫃,1150407,7.63
,祺驊,,33.35,-0.65,上櫃,1150407,-1.91
,川寶,,40.9,-0.2,上櫃,1150407,-0.49
,宏佳騰,,25.35,-0.15,上櫃,1150407,-0.59
,台蠟,,16.05,-0.4,上櫃,1150407,-2.43
,生泰,,72.2,0.0,上櫃,1150407,0.0
,合世,,12.15,0.0,上櫃,1150407,0.0
,訊聯,,78.5,0.1,上櫃,1150407,0.13
,光洋科,,89.8,1.7,上櫃,1150407,1.93
,杏昌,,136.5,0.0,上櫃,1150407,0.0
,金穎生技,,41.1,0.4,上櫃,1150407,0.98
,易威,,41.45,3.75,上櫃,1150407,9.95
,寶利徠,,13.55,0.2,上櫃,1150407,1.5
,富喬,,102.0,5.4,上櫃,1150407,5.59
,唐榮,,28.5,0.0,上櫃,1150407,0.0
,風青,,16.9,0.05,上櫃,1150407,0.3
,世鎧,,27.3,-0.3,上櫃,1150407,-1.09
,晉椿,,11.7,-0.35,上櫃,1150407,-2.9
,世豐,,31.35,1.4,上櫃,1150407,4.67
,世德,,50.0,0.6,上櫃,1150407,1.21
,嘉鋼,,7.68,-0.13,上櫃,1150407,-1.66
,精湛,,38.0,-0.5,上櫃,1150407,-1.3
,雄順,,25.8,-1.2,上櫃,1150407,-4.44
,大甲,,30.9,-0.1,上櫃,1150407,-0.32
,泰茂,,30.15,-1.1,上櫃,1150407,-3.52
,謚源,,34.3,0.7,上櫃,1150407,2.08
,綠意,,32.5,0.45,上櫃,1150407,1.4
,大車隊,,168.0,-11.0,上櫃,1150407,-6.15
,正德,,17.9,0.0,上櫃,1150407,0.0
,捷迅,,70.8,0.8,上櫃,1150407,1.14
,全心投控,,46.45,-0.15,上櫃,1150407,-0.32
,燦星旅,,27.2,0.1,上櫃,1150407,0.37
,藝舍-KY,,18.5,-0.05,上櫃,1150407,-0.27
,雅茗-KY,,10.05,0.05,上櫃,1150407,0.5
,瓦城,,171.0,-2.0,上櫃,1150407,-1.16
,六角,,66.2,-1.3,上櫃,1150407,-1.93
,易飛網,,16.4,0.25,上櫃,1150407,1.55
,富野,,13.15,0.2,上櫃,1150407,1.54
,華軒,,38.3,0.25,上櫃,1150407,0.66
,山富,,72.6,-0.9,上櫃,1150407,-1.22
,五福,,105.5,-1.0,上櫃,1150407,-0.94
,王座,,58.8,0.1,上櫃,1150407,0.17
,豆府,,211.0,3.5,上櫃,1150407,1.69
,亞洲藏壽司,,69.2,-0.3,上櫃,1150407,-0.43
,揚秦,,140.5,-3.0,上櫃,1150407,-2.09
,聯發國際,,70.3,0.5,上櫃,1150407,0.72
,滿心,,47.8,0.05,上櫃,1150407,0.1
,宏太-KY,,17.5,0.25,上櫃,1150407,1.45
,誠品生活,,37.9,0.6,上櫃,1150407,1.61
,集雅社,,43.5,0.0,上櫃,1150407,0.0
,振宇五金,,78.5,0.1,上櫃,1150407,0.13
,寶陞,,38.7,-0.3,上櫃,1150407,-0.77
,欣新網,,60.3,0.8,上櫃,1150407,1.34
,泰偉,,21.95,-2.4,上櫃,1150407,-9.86
,李洲,,17.25,-0.75,上櫃,1150407,-4.17
,協禧,,26.9,-0.2,上櫃,1150407,-0.74
,天方能源,,25.95,-1.2,上櫃,1150407,-4.42
,僑威,,57.2,0.4,上櫃,1150407,0.7
,聯亞,,2005.0,180.0,上櫃,1150407,9.86
,網龍,,27.0,0.0,上櫃,1150407,0.0
,新零售,,13.25,0.25,上櫃,1150407,1.92
,華義,,335.0,28.0,上櫃,1150407,9.12
,艾訊,,81.9,1.2,上櫃,1150407,1.49
,港建*,,52.6,4.7,上櫃,1150407,9.81
,及成,,31.25,0.2,上櫃,1150407,0.64
,穩懋,,407.0,31.0,上櫃,1150407,8.24
,好德,,26.15,0.4,上櫃,1150407,1.55
,富榮綱,,9.48,-0.01,上櫃,1150407,-0.11
,進階,,33.65,0.1,上櫃,1150407,0.3
,笙泉,,24.65,0.15,上櫃,1150407,0.61
,昇銳,,24.05,-0.4,上櫃,1150407,-1.64
,弘塑,,3150.0,60.0,上櫃,1150407,1.94
,晶宏,,43.0,1.8,上櫃,1150407,4.37
,大綜,,158.0,3.0,上櫃,1150407,1.94
,璟德,,159.0,3.0,上櫃,1150407,1.92
,嘉實,,90.0,0.1,上櫃,1150407,0.11
,精確,,61.0,2.2,上櫃,1150407,3.74
,波若威,,1045.0,93.0,上櫃,1150407,9.77
,亞信,,89.9,0.6,上櫃,1150407,0.67
,炎洲流通,,66.4,0.0,上櫃,1150407,0.0
,基亞,,32.95,0.85,上櫃,1150407,2.65
,公準,,64.9,1.3,上櫃,1150407,2.04
,鑫龍騰,,27.5,-0.1,上櫃,1150407,-0.36
,雲嘉南,,13.5,0.0,上櫃,1150407,0.0
,佰研,,59.3,-1.6,上櫃,1150407,-2.63
,志豐,,37.9,-3.1,上櫃,1150407,-7.56
,耀勝,,65.9,0.1,上櫃,1150407,0.15
,順達,,357.0,25.0,上櫃,1150407,7.53
,茂訊,,102.0,2.0,上櫃,1150407,2.0
,優群,,153.0,2.5,上櫃,1150407,1.66
,大學光,,132.5,0.5,上櫃,1150407,0.38
,倚強科,,61.4,-1.1,上櫃,1150407,-1.76
,台嘉碩,,35.0,-0.6,上櫃,1150407,-1.69
,三顧,,40.6,-0.5,上櫃,1150407,-1.22
,龍鋒,,44.85,2.95,上櫃,1150407,7.04
,原相,,182.5,2.5,上櫃,1150407,1.39
,金麗科,,133.0,1.0,上櫃,1150407,0.76
,錦明,,39.05,0.05,上櫃,1150407,0.13
,昱捷,,22.25,-0.35,上櫃,1150407,-1.55
,光環,,87.1,4.0,上櫃,1150407,4.81
,千如,,29.6,-0.9,上櫃,1150407,-2.95
,海灣,,20.1,0.05,上櫃,1150407,0.25
,鑫創,,17.3,-0.7,上櫃,1150407,-3.89
,威剛,,363.0,1.5,上櫃,1150407,0.41
,欣銓,,156.0,-5.0,上櫃,1150407,-3.11
,台星科,,144.0,0.5,上櫃,1150407,0.35
,海德威,,14.8,0.2,上櫃,1150407,1.37
,東碩,,15.8,-0.2,上櫃,1150407,-1.25
,宇環,,14.05,0.35,上櫃,1150407,2.55
,太普高,,19.25,0.0,上櫃,1150407,0.0
,微端,,28.45,0.5,上櫃,1150407,1.79
,廣寰科,,27.9,-0.1,上櫃,1150407,-0.36
,點晶,,15.25,0.8,上櫃,1150407,5.54
,宜特,,128.0,-1.0,上櫃,1150407,-0.78
,東浦,,44.8,2.2,上櫃,1150407,5.16
,鈊象,,775.0,20.0,上櫃,1150407,2.65
,英濟,,31.05,-0.1,上櫃,1150407,-0.32
,杭特,,32.65,-0.85,上櫃,1150407,-2.54
,岱稜,,45.0,0.2,上櫃,1150407,0.45
,鼎天,,46.2,0.05,上櫃,1150407,0.11
,佳穎,,70.1,-1.0,上櫃,1150407,-1.41
,斐成,,12.5,-0.2,上櫃,1150407,-1.57
,尼克森,,50.1,-0.2,上櫃,1150407,-0.4
,建舜電,,13.55,0.3,上櫃,1150407,2.26
,加百裕,,32.25,0.45,上櫃,1150407,1.42
,雙鴻,,918.0,8.0,上櫃,1150407,0.88
,旭品,,12.4,-0.1,上櫃,1150407,-0.8
,幸康,,55.7,-0.3,上櫃,1150407,-0.54
,泰谷,,41.35,2.2,上櫃,1150407,5.62
,寶德,,27.95,0.2,上櫃,1150407,0.72
,律勝,,24.05,-0.65,上櫃,1150407,-2.63
,臺慶科,,143.0,2.0,上櫃,1150407,1.42
,尚立,,14.15,0.05,上櫃,1150407,0.35
,先進光,,94.2,1.1,上櫃,1150407,1.18
,上詮,,660.0,60.0,上櫃,1150407,10.0
,典範,,18.8,0.1,上櫃,1150407,0.53
,熱映,,17.25,0.05,上櫃,1150407,0.29
,精材,,156.5,2.0,上櫃,1150407,1.29
,彬台,,36.6,0.3,上櫃,1150407,0.83
,崇越電,,65.8,-0.1,上櫃,1150407,-0.15
,旭軟,,21.0,0.0,上櫃,1150407,0.0
,漢科,,119.0,4.0,上櫃,1150407,3.48
,台興,,47.55,0.05,上櫃,1150407,0.11
,奇鈦科,,68.2,-0.8,上櫃,1150407,-1.16
,哲固,,28.45,-0.15,上櫃,1150407,-0.52
,類比科,,43.85,-0.4,上櫃,1150407,-0.9
,聯一光,,29.9,0.2,上櫃,1150407,0.67
,利機,,65.4,1.6,上櫃,1150407,2.51
,由田,,152.5,13.5,上櫃,1150407,9.71
,進泰電子,,37.25,0.75,上櫃,1150407,2.05
,德晉,,34.6,0.7,上櫃,1150407,2.06
,台灣精材,,40.45,-0.75,上櫃,1150407,-1.82
,安勤,,85.5,0.0,上櫃,1150407,0.0
,力致,,76.0,0.9,上櫃,1150407,1.2
,崧騰,,44.4,0.0,上櫃,1150407,0.0
,森寶,,23.1,0.0,上櫃,1150407,0.0
,單井,,26.8,0.7,上櫃,1150407,2.68
,昇達科,,1640.0,145.0,上櫃,1150407,9.7
,長盛,,24.25,-0.1,上櫃,1150407,-0.41
,陽程,,72.1,-0.7,上櫃,1150407,-0.96
,環天科,,17.75,-0.45,上櫃,1150407,-2.47
,位速,,32.45,-3.6,上櫃,1150407,-9.99
,矽瑪,,19.0,-0.1,上櫃,1150407,-0.52
,皇龍,,21.45,0.0,上櫃,1150407,0.0
,亞帝歐,,18.65,0.4,上櫃,1150407,2.19
,華盈,,14.05,-0.3,上櫃,1150407,-2.09
,台鋼建設,,12.85,0.05,上櫃,1150407,0.39
,御嵿,,13.0,0.45,上櫃,1150407,3.59
,迎輝,,13.2,-0.75,上櫃,1150407,-5.38
,凡甲,,291.0,11.5,上櫃,1150407,4.11
,聚積,,51.6,-0.4,上櫃,1150407,-0.77
,力旺,,2795.0,165.0,上櫃,1150407,6.27
,先益,,21.0,-0.55,上櫃,1150407,-2.55
,堡達,,42.15,0.35,上櫃,1150407,0.84
,曜越,,26.55,-0.45,上櫃,1150407,-1.67
,西柏,,24.2,0.05,上櫃,1150407,0.21
,宇峻,,69.7,-0.3,上櫃,1150407,-0.43
,兆利,,80.0,0.4,上櫃,1150407,0.5
,世禾,,171.5,6.0,上櫃,1150407,3.63
,同致,,53.7,-1.7,上櫃,1150407,-3.07
,博士旺,,165.0,15.0,上櫃,1150407,10.0
,禾瑞亞,,45.7,1.85,上櫃,1150407,4.22
,神準,,109.0,0.5,上櫃,1150407,0.46
,其陽,,40.5,0.85,上櫃,1150407,2.14
,逸昌,,25.8,-0.15,上櫃,1150407,-0.58
,大塚,,164.0,-0.5,上櫃,1150407,-0.3
,泓格,,76.0,3.7,上櫃,1150407,5.12
,友威科,,71.8,1.9,上櫃,1150407,2.72
,博磊,,64.6,-1.2,上櫃,1150407,-1.82
,閎康,,236.5,9.5,上櫃,1150407,4.19
,磐儀,,38.8,0.05,上櫃,1150407,0.13
,映興,,23.6,0.1,上櫃,1150407,0.43
,三一東林,,25.3,-1.6,上櫃,1150407,-5.95
,鼎翰,,184.5,-1.5,上櫃,1150407,-0.81
,安可,,31.95,-0.6,上櫃,1150407,-1.84
,富晶通,,21.15,-0.6,上櫃,1150407,-2.76
,光頡,,45.5,-0.05,上櫃,1150407,-0.11
,西勝,,16.05,-0.35,上櫃,1150407,-2.13
,盈正,,64.1,-0.6,上櫃,1150407,-0.93
,新鉅科,,27.05,-0.55,上櫃,1150407,-1.99
,晟楠,,27.35,-0.5,上櫃,1150407,-1.8
,研勤,,9.21,-0.37,上櫃,1150407,-3.86
,艾恩特,,24.1,-0.1,上櫃,1150407,-0.41
,鑫科,,66.2,0.0,上櫃,1150407,0.0
,安瑞-KY,,8.52,-0.28,上櫃,1150407,-3.18
,光耀,,26.15,0.0,上櫃,1150407,0.0
,康聯訊,,10.9,0.2,上櫃,1150407,1.87
,德微,,190.0,9.5,上櫃,1150407,5.26
,家登,,377.0,2.0,上櫃,1150407,0.53
,榮昌,,59.0,1.0,上櫃,1150407,1.72
,元創精密,,28.9,-0.3,上櫃,1150407,-1.03
,歐買尬,,70.6,0.2,上櫃,1150407,0.28
,湧德,,124.0,11.0,上櫃,1150407,9.73
,碩禾,,105.5,3.5,上櫃,1150407,3.43
,營邦,,498.0,22.5,上櫃,1150407,4.73
,漢磊,,48.95,0.65,上櫃,1150407,1.35
,鑫聯大投控,,65.2,1.8,上櫃,1150407,2.84
,連展投控,,6.37,0.09,上櫃,1150407,1.43
,新晶投控,,14.2,0.2,上櫃,1150407,1.43
,永日,,19.35,0.15,上櫃,1150407,0.78
,東洋,,74.2,0.6,上櫃,1150407,0.82
,邦特,,117.5,0.0,上櫃,1150407,0.0
,加捷生醫,,12.4,-0.35,上櫃,1150407,-2.75
,濟生,,29.15,0.0,上櫃,1150407,0.0
,聯上,,16.95,-0.05,上櫃,1150407,-0.29
,健喬,,31.1,0.1,上櫃,1150407,0.32
,明基醫,,39.4,0.0,上櫃,1150407,0.0
,友華,,47.4,0.5,上櫃,1150407,1.07
,優盛,,15.3,-0.25,上櫃,1150407,-1.61
,晟德,,40.95,-0.75,上櫃,1150407,-1.8
,太醫,,80.5,0.5,上櫃,1150407,0.62
,天良,,35.75,0.55,上櫃,1150407,1.56
,中天,,17.15,-0.1,上櫃,1150407,-0.58
,聯合,,99.1,-0.9,上櫃,1150407,-0.9
,健亞,,34.7,0.65,上櫃,1150407,1.91
,浩泰,,33.2,-2.3,上櫃,1150407,-6.48
,曜亞,,61.2,-0.2,上櫃,1150407,-0.33
,馬光-KY,,25.0,0.85,上櫃,1150407,3.52
,中裕,,55.1,-2.0,上櫃,1150407,-3.5
,鈺緯,,32.75,-0.05,上櫃,1150407,-0.15
,樂威科-KY,,14.15,-0.35,上櫃,1150407,-2.41
,太景*-KY,,11.2,-0.15,上櫃,1150407,-1.32
,訊聯基因,,44.95,0.45,上櫃,1150407,1.01
,聿新科,,24.25,-0.4,上櫃,1150407,-1.62
,智擎,,58.5,-0.5,上櫃,1150407,-0.85
,鐿鈦,,108.0,4.5,上櫃,1150407,4.35
,友霖,,25.5,-0.3,上櫃,1150407,-1.16
,松瑞藥,,20.7,-0.45,上櫃,1150407,-2.13
,醣聯,,23.1,-0.3,上櫃,1150407,-1.28
,瑞基,,18.45,-0.45,上櫃,1150407,-2.38
,久裕,,20.65,0.05,上櫃,1150407,0.24
,浩鼎,,39.0,1.05,上櫃,1150407,2.77
,杏一,,55.6,0.3,上櫃,1150407,0.54
,安克,,12.4,0.0,上櫃,1150407,0.0
,欣大健康,,38.7,0.6,上櫃,1150407,1.57
,中華食,,77.8,0.0,上櫃,1150407,0.0
,環泰,,19.7,0.05,上櫃,1150407,0.25
,信立,,54.6,0.5,上櫃,1150407,0.92
,勝昱,,30.0,1.1,上櫃,1150407,3.81
,世坤,,43.8,-0.15,上櫃,1150407,-0.34
,東隆興,,14.95,0.15,上櫃,1150407,1.01
,郡都開發,,17.25,-0.05,上櫃,1150407,-0.29
,飛寶企業,,17.5,-0.55,上櫃,1150407,-3.05
,三圓,,13.05,-0.65,上櫃,1150407,-4.74
,金洲,,50.1,-0.3,上櫃,1150407,-0.6
,光明,,41.15,-1.9,上櫃,1150407,-4.41
,耀億,,18.0,0.1,上櫃,1150407,0.56
,銘旺實,,15.3,-0.35,上櫃,1150407,-2.24
,興采,,20.95,-0.25,上櫃,1150407,-1.18
,竣邦-KY,,62.5,0.8,上櫃,1150407,1.3
,健信,,16.0,0.15,上櫃,1150407,0.95
,金雨,,39.7,0.8,上櫃,1150407,2.06
,崇友,,117.0,0.5,上櫃,1150407,0.43
,高鋒,,41.6,-0.25,上櫃,1150407,-0.6
,福裕,,16.35,-0.35,上櫃,1150407,-2.1
,永彰,,29.75,0.15,上櫃,1150407,0.51
,方土霖,,42.6,0.0,上櫃,1150407,0.0
,江興鍛,,17.6,0.0,上櫃,1150407,0.0
,淳紳,,3.1,-0.1,上櫃,1150407,-3.12
,宏易,,28.45,-0.85,上櫃,1150407,-2.9
,協易機,,29.15,-0.9,上櫃,1150407,-3.0
,慶騰,,22.7,-0.4,上櫃,1150407,-1.73
,至興,,28.0,-0.05,上櫃,1150407,-0.18
,大詠城,,18.9,0.0,上櫃,1150407,0.0
,晟田,,40.8,0.05,上櫃,1150407,0.12
,科嶠,,156.5,2.5,上櫃,1150407,1.62
,萬在,,30.6,-1.3,上櫃,1150407,-4.08
,桓達,,106.5,9.5,上櫃,1150407,9.79
,長佳,,24.2,-0.35,上櫃,1150407,-1.43
,橙的,,29.0,0.15,上櫃,1150407,0.52
,旭然,,26.9,0.1,上櫃,1150407,0.37
,寶緯,,19.3,-0.8,上櫃,1150407,-3.98
,健椿,,31.7,-0.8,上櫃,1150407,-2.46
,百德,,40.9,0.2,上櫃,1150407,0.49
,科際精密,,42.3,0.0,上櫃,1150407,0.0
,達航科技,,106.0,-1.0,上櫃,1150407,-0.93
,捷流閥業,,79.7,-0.7,上櫃,1150407,-0.87
,君帆,,42.0,-0.9,上櫃,1150407,-2.1
,中美實,,9.99,-0.01,上櫃,1150407,-0.1
,大恭,,31.0,0.0,上櫃,1150407,0.0
,磐亞,,11.35,0.15,上櫃,1150407,1.34
,永純,,15.4,-0.1,上櫃,1150407,-0.65
,永捷,,13.95,-0.05,上櫃,1150407,-0.36
,大立,,14.05,0.2,上櫃,1150407,1.44
,美琪瑪,,71.4,-0.7,上櫃,1150407,-0.97
,永昕,,30.75,-0.65,上櫃,1150407,-2.07
,雙美,,383.5,-1.0,上櫃,1150407,-0.26
,熒茂,,19.1,-0.25,上櫃,1150407,-1.29
,豪展,,31.05,0.0,上櫃,1150407,0.0
,泓瀚,,44.75,4.05,上櫃,1150407,9.95
,合一,,54.5,-0.1,上櫃,1150407,-0.18
,皇將,,36.5,-2.4,上櫃,1150407,-6.17
,合富-KY,,19.9,0.15,上櫃,1150407,0.76
,強生,,55.2,0.6,上櫃,1150407,1.1
,新應材,,811.0,10.0,上櫃,1150407,1.25
,國碳科,,37.1,-0.4,上櫃,1150407,-1.07
,勤凱,,207.0,18.5,上櫃,1150407,9.81
,誠泰科技,,25.7,0.65,上櫃,1150407,2.59
,晶呈科技,,435.0,4.0,上櫃,1150407,0.93
,台特化,,283.0,6.0,上櫃,1150407,2.17
,大略-KY,,4.96,-0.55,上櫃,1150407,-9.98
,桂田文創,,10.15,0.0,上櫃,1150407,0.0
,聯光通,,44.95,1.1,上櫃,1150407,2.51
,台聯電,,83.0,5.4,上櫃,1150407,6.96
,富宇,,40.5,-0.1,上櫃,1150407,-0.25
,前鼎,,103.5,2.5,上櫃,1150407,2.48
,新復興,,57.3,1.9,上櫃,1150407,3.43
,德英,,40.5,-1.0,上櫃,1150407,-2.41
,力士,,36.7,0.4,上櫃,1150407,1.1
,欣厚-KY,,10.05,0.0,上櫃,1150407,0.0
,新盛力,,131.0,0.5,上櫃,1150407,0.38
,友輝,,57.0,0.3,上櫃,1150407,0.53
,亞電,,28.0,0.35,上櫃,1150407,1.27
,辣椒,,107.5,-1.0,上櫃,1150407,-0.92
,金耘國際,,16.5,0.7,上櫃,1150407,4.43
,精拓科,,71.1,4.1,上櫃,1150407,6.12
,緯軟,,115.0,5.0,上櫃,1150407,4.55
,譜瑞-KY,,475.0,11.5,上櫃,1150407,2.48
,IET-KY,,602.0,38.0,上櫃,1150407,6.74
,湯石照明,,17.55,-0.05,上櫃,1150407,-0.28
,廣穎,,69.3,1.3,上櫃,1150407,1.91
,亞泰,,70.2,-0.1,上櫃,1150407,-0.14
,華星光,,404.5,20.5,上櫃,1150407,5.34
,科誠,,81.2,0.0,上櫃,1150407,0.0
,環宇-KY,,470.5,35.5,上櫃,1150407,8.16
,晶達,,40.6,0.0,上櫃,1150407,0.0
,榮剛,,32.0,0.05,上櫃,1150407,0.16
,久陽,,12.85,-0.3,上櫃,1150407,-2.28
,強新,,29.4,0.2,上櫃,1150407,0.68
,建錩,,10.15,-0.15,上櫃,1150407,-1.46
,華祺,,25.4,-0.1,上櫃,1150407,-0.39
,松和,,30.8,-0.55,上櫃,1150407,-1.75
,凱衛,,38.95,-0.3,上櫃,1150407,-0.76
,力新,,12.65,-0.2,上櫃,1150407,-1.56
,中茂,,28.9,-0.25,上櫃,1150407,-0.86
,坤悅,,28.35,0.0,上櫃,1150407,0.0
,新鼎,,166.0,0.5,上櫃,1150407,0.3
,寶碩,,21.85,-0.1,上櫃,1150407,-0.46
,蒙恬,,21.2,0.5,上櫃,1150407,2.42
,凌網,,57.7,2.1,上櫃,1150407,3.78
,亞昕,,27.1,0.45,上櫃,1150407,1.69
,萬達光電,,18.95,-0.25,上櫃,1150407,-1.3
,安力-KY,,26.5,-0.05,上櫃,1150407,-0.19
,立凱-KY,,22.05,-1.3,上櫃,1150407,-5.57
,鈺鎧,,22.85,-0.55,上櫃,1150407,-2.35
,雷笛克光學,,16.0,-0.25,上櫃,1150407,-1.54
,凌陽創新,,128.5,2.5,上櫃,1150407,1.98
,智晶,,23.1,-1.0,上櫃,1150407,-4.15
,天鉞電,,28.25,-0.35,上櫃,1150407,-1.22
,智崴,,90.0,-1.2,上櫃,1150407,-1.32
,笙科,,21.7,-0.35,上櫃,1150407,-1.59
,信驊,,11470.0,-220.0,上櫃,1150407,-1.88
,達輝-KY,,15.55,0.2,上櫃,1150407,1.3
,尚凡*,,23.9,-0.45,上櫃,1150407,-1.85
,數字,,168.5,1.5,上櫃,1150407,0.9
,宜鼎,,978.0,21.0,上櫃,1150407,2.19
,邑昇,,66.8,-5.1,上櫃,1150407,-7.09
,杰力,,78.8,1.4,上櫃,1150407,1.81
,寶得利,,9.5,0.05,上櫃,1150407,0.53
,太欣,,10.6,-0.3,上櫃,1150407,-2.75
,系統電,,56.0,0.0,上櫃,1150407,0.0
,天剛,,25.65,-1.2,上櫃,1150407,-4.47
,寶島科,,97.0,-0.6,上櫃,1150407,-0.61
,世紀*,,78.9,3.6,上櫃,1150407,4.78
,光聯,,22.4,-0.15,上櫃,1150407,-0.67
,美而快,,23.75,-0.8,上櫃,1150407,-3.26
,士開,,12.0,0.0,上櫃,1150407,0.0
,華容,,22.7,-0.1,上櫃,1150407,-0.44
,建榮,,109.5,8.5,上櫃,1150407,8.42
,立衛,,13.65,0.0,上櫃,1150407,0.0
,馥鴻,,23.45,0.0,上櫃,1150407,0.0
,世界,,121.0,11.0,上櫃,1150407,10.0
,正能量智能,,17.1,0.0,上櫃,1150407,0.0
,鈺創,,64.6,-1.5,上櫃,1150407,-2.27
,台林,,24.65,0.1,上櫃,1150407,0.41
,佳總,,6.15,-0.25,上櫃,1150407,-3.91
,協益,,25.3,0.7,上櫃,1150407,2.85
,力麗店,,11.35,-0.35,上櫃,1150407,-2.99
,中光電,,72.7,-1.3,上櫃,1150407,-1.76
,青雲,,303.5,27.5,上櫃,1150407,9.96
,能率,,35.45,-0.05,上櫃,1150407,-0.14
,慕康生醫,,21.9,-0.7,上櫃,1150407,-3.1
,中菲,,98.2,-0.1,上櫃,1150407,-0.1
,國眾,,30.0,0.0,上櫃,1150407,0.0
,台半,,58.6,5.3,上櫃,1150407,9.94
,振發,,19.25,0.0,上櫃,1150407,0.0
,新門,,131.5,-1.5,上櫃,1150407,-1.13
,東友,,18.7,-0.3,上櫃,1150407,-1.58
,高技,,278.5,2.0,上櫃,1150407,0.72
,均豪,,101.0,1.2,上櫃,1150407,1.2
,南良,,14.35,0.05,上櫃,1150407,0.35
,佶優,,32.3,0.9,上櫃,1150407,2.87
,昇益,,23.4,-0.4,上櫃,1150407,-1.68
,宣德,,34.9,0.15,上櫃,1150407,0.43
,同協,,14.55,-0.05,上櫃,1150407,-0.34
,霖宏,,28.25,0.15,上櫃,1150407,0.53
,富驊,,25.1,-0.05,上櫃,1150407,-0.2
,凱鈺,,17.5,-0.15,上櫃,1150407,-0.85
,聰泰,,134.5,8.0,上櫃,1150407,6.32
,德宏,,271.0,24.5,上櫃,1150407,9.94
,智冠,,98.9,-0.3,上櫃,1150407,-0.3
,新華,,22.35,0.35,上櫃,1150407,1.59
,中美晶,,106.0,0.0,上櫃,1150407,0.0
,通泰,,27.85,0.45,上櫃,1150407,1.64
,松普,,10.0,0.0,上櫃,1150407,0.0
,彩富,,40.15,0.8,上櫃,1150407,2.03
,同亨,,26.45,-1.0,上櫃,1150407,-3.64
,三聯,,77.0,0.4,上櫃,1150407,0.52
,凱崴,,54.5,1.0,上櫃,1150407,1.87
,永信建,,50.6,-0.1,上櫃,1150407,-0.2
,德昌,,74.0,0.1,上櫃,1150407,0.14
,力麒,,7.83,-0.05,上櫃,1150407,-0.63
,三豐,,15.85,0.1,上櫃,1150407,0.63
,雙喜,,12.65,-0.25,上櫃,1150407,-1.94
,力泰,,82.0,-0.5,上櫃,1150407,-0.61
,豐謙,,29.4,0.0,上櫃,1150407,0.0
,鉅陞,,25.7,0.0,上櫃,1150407,0.0
,龍巖,,46.9,0.45,上櫃,1150407,0.97
,聖暉*,,688.0,-11.0,上櫃,1150407,-1.57
,桓鼎-KY,,26.15,-1.65,上櫃,1150407,-5.94
,久舜,,22.55,0.3,上櫃,1150407,1.35
,安倉,,25.05,0.1,上櫃,1150407,0.4
,台聯櫃,,36.5,0.1,上櫃,1150407,0.27
,陸海,,16.9,0.0,上櫃,1150407,0.0
,中連,,34.6,-0.2,上櫃,1150407,-0.57
,中菲行,,78.7,-0.2,上櫃,1150407,-0.25
,劍湖山,,3.55,-0.04,上櫃,1150407,-1.11
,亞都,,13.85,0.55,上櫃,1150407,4.14
,老爺知,,21.8,-0.1,上櫃,1150407,-0.46
,致和證,,23.85,0.35,上櫃,1150407,1.49
,台名,,41.0,-0.2,上櫃,1150407,-0.49
,全家,,190.0,0.0,上櫃,1150407,0.0
,寶雅,,505.0,7.5,上櫃,1150407,1.51
,南仁湖,,7.83,0.03,上櫃,1150407,0.38
,宏遠證,,13.3,0.05,上櫃,1150407,0.38
,康和證,,16.65,0.2,上櫃,1150407,1.22
,大展證,,19.4,-0.1,上櫃,1150407,-0.51
,美好證,,29.85,0.35,上櫃,1150407,1.19
,元大期,,99.8,2.2,上櫃,1150407,2.25
,福邦證,,14.8,0.15,上櫃,1150407,1.02
,公勝保經,,87.0,-1.1,上櫃,1150407,-1.25
,寬魚國際,,39.5,1.55,上櫃,1150407,4.08
,合邦,,42.35,-1.1,上櫃,1150407,-2.53
,創惟,,90.8,-0.6,上櫃,1150407,-0.66
,亞元,,11.85,-0.6,上櫃,1150407,-4.82
,光聚晶電,,43.05,0.05,上櫃,1150407,0.12
,亞矽,,19.7,-0.35,上櫃,1150407,-1.75
,久威,,29.2,-0.3,上櫃,1150407,-1.02
,建達,,16.85,-0.1,上櫃,1150407,-0.59
,新普,,342.0,1.5,上櫃,1150407,0.44
,擎邦,,49.95,0.1,上櫃,1150407,0.2
,上奇,,43.65,0.0,上櫃,1150407,0.0
,業強,,28.75,0.25,上櫃,1150407,0.88
,廣運,,51.8,-1.5,上櫃,1150407,-2.81
,信音,,29.15,0.15,上櫃,1150407,0.52
,九豪,,39.0,-1.35,上櫃,1150407,-3.35
,普誠,,14.45,-0.25,上櫃,1150407,-1.7
,上亞科技,,24.65,-2.5,上櫃,1150407,-9.21
,萬旭,,27.75,-0.1,上櫃,1150407,-0.36
,茂達,,211.0,1.5,上櫃,1150407,0.72
,訊達,,17.8,-0.85,上櫃,1150407,-4.56
,振曜,,95.7,0.6,上櫃,1150407,0.63
,得利影,,16.65,0.1,上櫃,1150407,0.6
,耕興,,192.5,2.5,上櫃,1150407,1.32
,頎邦,,89.8,5.8,上櫃,1150407,6.9
,驊宏資,,32.05,-0.7,上櫃,1150407,-2.14
,撼訊,,55.1,0.1,上櫃,1150407,0.18
,晉倫,,32.7,0.0,上櫃,1150407,0.0
,順發,,13.4,0.05,上櫃,1150407,0.37
,松上,,19.2,-0.1,上櫃,1150407,-0.52
,禾昌,,17.9,0.1,上櫃,1150407,0.56
,欣技,,15.4,-0.25,上櫃,1150407,-1.6
,捷波,,39.5,0.0,上櫃,1150407,0.0
,華電網,,61.4,1.9,上櫃,1150407,3.19
,久正,,12.8,-0.2,上櫃,1150407,-1.54
,昱泉,,16.4,0.05,上櫃,1150407,0.31
,統振,,51.2,0.2,上櫃,1150407,0.39
,大城地產,,26.45,-0.25,上櫃,1150407,-0.94
,信昌電,,57.6,0.5,上櫃,1150407,0.88
,安碁,,22.05,-0.15,上櫃,1150407,-0.68
,立敦,,45.8,-0.55,上櫃,1150407,-1.19
,亞通,,23.95,0.05,上櫃,1150407,0.21
,橘子,,43.75,0.45,上櫃,1150407,1.04
,合晶,,30.9,-0.4,上櫃,1150407,-1.28
,幃翔,,13.9,0.0,上櫃,1150407,0.0
,新潤,,39.7,0.85,上櫃,1150407,2.19
,萬潤,,920.0,25.0,上櫃,1150407,2.79
,廣明,,86.9,1.4,上櫃,1150407,1.64
,萬泰科,,55.5,2.3,上櫃,1150407,4.32
,育富,,32.6,0.05,上櫃,1150407,0.15
,詩肯,,24.5,-0.05,上櫃,1150407,-0.2
,天品,,108.5,2.5,上櫃,1150407,2.36
,元大富櫃50,,33.9,1.3,上櫃,1150407,3.99
,海韻電,,66.7,0.4,上櫃,1150407,0.6
,艾華,,60.5,1.0,上櫃,1150407,1.68
,雷科,,49.55,-0.45,上櫃,1150407,-0.9
,日揚,,57.6,5.2,上櫃,1150407,9.92
,慶生,,19.7,0.0,上櫃,1150407,0.0
,理銘,,27.05,-1.75,上櫃,1150407,-6.08
,中探針,,200.0,7.5,上櫃,1150407,3.9
,豪勉,,28.6,1.85,上櫃,1150407,6.92
,富旺,,14.6,0.0,上櫃,1150407,0.0
,岳豐,,33.45,0.85,上櫃,1150407,2.61
,晉泰,,26.6,0.45,上櫃,1150407,1.72
,立軒,,20.9,0.1,上櫃,1150407,0.48
,旺矽,,3920.0,155.0,上櫃,1150407,4.12
,茂綸,,89.5,-2.3,上櫃,1150407,-2.51
,全譜,,23.4,0.0,上櫃,1150407,0.0
,研通,,20.45,-0.15,上櫃,1150407,-0.73
,系微,,268.0,-1.0,上櫃,1150407,-0.37
,旺玖,,24.75,-0.2,上櫃,1150407,-0.8
,高僑,,28.0,-0.1,上櫃,1150407,-0.36
,驊訊,,34.8,-0.25,上櫃,1150407,-0.71
,松崗,,18.15,0.05,上櫃,1150407,0.28
,易通展,,10.95,-0.25,上櫃,1150407,-2.23
,立康,,37.35,-0.65,上櫃,1150407,-1.71
,茂迪,,25.45,0.25,上櫃,1150407,0.99
,立端,,70.5,1.0,上櫃,1150407,1.44
,臺龍,,17.0,0.05,上櫃,1150407,0.29
,沛波,,20.1,0.05,上櫃,1150407,0.25
,百徽,,17.0,0.0,上櫃,1150407,0.0
,久元,,79.2,7.2,上櫃,1150407,10.0
,普萊德,,123.0,-0.5,上櫃,1150407,-0.4
,富裔,,6.35,-0.04,上櫃,1150407,-0.63
,方土昶,,36.0,-0.65,上櫃,1150407,-1.77
,泰詠,,28.05,0.0,上櫃,1150407,0.0
,倍微,,24.15,-0.15,上櫃,1150407,-0.62
,台燿,,683.0,62.0,上櫃,1150407,9.98
,元山,,46.3,0.05,上櫃,1150407,0.11
,安鈦克,,33.3,0.3,上櫃,1150407,0.91
,胡連,,106.5,-1.5,上櫃,1150407,-1.39
,佳邦,,80.6,0.5,上櫃,1150407,0.62
,良維,,204.0,12.0,上櫃,1150407,6.25
,沛亨,,376.0,23.0,上櫃,1150407,6.52
,迅德,,44.55,-0.95,上櫃,1150407,-2.09
,智基,,40.35,-0.15,上櫃,1150407,-0.37
,晶焱,,74.6,2.8,上櫃,1150407,3.9
,韋僑,,102.5,0.0,上櫃,1150407,0.0
,詠昇,,29.1,-0.6,上櫃,1150407,-2.02
,京晨科,,89.8,-4.3,上櫃,1150407,-4.57
,億而得,,82.5,1.3,上櫃,1150407,1.6
,易發,,64.4,1.3,上櫃,1150407,2.06
,今展科,,32.0,-0.1,上櫃,1150407,-0.31
,大中,,162.5,10.0,上櫃,1150407,6.56
,廣錠,,19.6,0.05,上櫃,1150407,0.26
,益得,,18.0,-0.05,上櫃,1150407,-0.28
,神盾,,101.0,-8.0,上櫃,1150407,-7.34
,威潤,,44.65,0.05,上櫃,1150407,0.11
,大樹,,82.1,0.1,上櫃,1150407,0.12
,宇智,,46.0,-0.85,上櫃,1150407,-1.81
,華豫寧,,35.9,-0.1,上櫃,1150407,-0.28
,弘煜科,,31.85,0.4,上櫃,1150407,1.27
,點序,,77.8,-0.2,上櫃,1150407,-0.26
,互動,,86.0,0.8,上櫃,1150407,0.94
,環球晶,,412.0,2.5,上櫃,1150407,0.61
,生華科,,48.6,-0.3,上櫃,1150407,-0.61
,九齊,,44.3,1.2,上櫃,1150407,2.78
,科懋,,27.1,0.55,上櫃,1150407,2.07
,久禾光,,86.8,0.9,上櫃,1150407,1.05
,益安,,88.5,-2.0,上櫃,1150407,-2.21
,雙邦,,16.6,0.0,上櫃,1150407,0.0
,惠光,,27.1,-0.4,上櫃,1150407,-1.45
,聚和,,43.0,-1.65,上櫃,1150407,-3.7
,精測,,3325.0,160.0,上櫃,1150407,5.06
,啟發電,,19.6,-0.05,上櫃,1150407,-0.25
,勤崴國際,,61.5,1.1,上櫃,1150407,1.82
,保勝光學,,55.3,-1.1,上櫃,1150407,-1.95
,達爾膚,,116.0,0.0,上櫃,1150407,0.0
,明達醫,,70.5,0.5,上櫃,1150407,0.71
,創威,,95.5,6.3,上櫃,1150407,7.06
,瑞耘,,73.0,0.1,上櫃,1150407,0.14
,順藥,,139.0,-3.5,上櫃,1150407,-2.46
,倉和,,73.2,0.6,上櫃,1150407,0.83
,隆中,,55.1,0.1,上櫃,1150407,0.18
,正基,,66.2,-2.0,上櫃,1150407,-2.93
,高端疫苗,,59.3,0.5,上櫃,1150407,0.85
,長科*,,47.25,1.25,上櫃,1150407,2.72
,勝品,,66.3,0.1,上櫃,1150407,0.15
,欣普羅,,39.7,0.05,上櫃,1150407,0.13
,是方,,350.0,-0.5,上櫃,1150407,-0.14
,宏觀,,223.5,11.0,上櫃,1150407,5.18
,醫揚,,95.6,1.1,上櫃,1150407,1.16
,維田,,38.5,0.6,上櫃,1150407,1.58
,霈方,,103.0,-2.5,上櫃,1150407,-2.37
,逸達,,77.9,0.9,上櫃,1150407,1.17
,勁豐,,75.7,-0.3,上櫃,1150407,-0.39
,達邦蛋白,,17.85,-0.15,上櫃,1150407,-0.83
,南俊國際,,596.0,26.0,上櫃,1150407,4.56
,東典光電,,130.0,-1.0,上櫃,1150407,-0.76
,普鴻,,70.0,0.2,上櫃,1150407,0.29
,台灣銘板,,36.65,-0.25,上櫃,1150407,-0.68
,寬宏藝術,,95.3,-1.9,上櫃,1150407,-1.95
,立誠,,59.5,-0.7,上櫃,1150407,-1.16
,富強鑫,,20.8,-0.35,上櫃,1150407,-1.65
,瀧澤科,,37.15,-1.15,上櫃,1150407,-3.0
,奈米醫材,,69.0,-1.0,上櫃,1150407,-1.43
,朋億*,,201.0,-7.5,上櫃,1150407,-3.6
,慧智,,34.2,0.5,上櫃,1150407,1.48
,特昇-KY,,10.05,0.05,上櫃,1150407,0.5
,共信-KY,,66.9,0.3,上櫃,1150407,0.45
,漢達,,68.0,0.5,上櫃,1150407,0.74
,萬年清,,59.5,0.9,上櫃,1150407,1.54
,泰金-KY,,110.0,3.0,上櫃,1150407,2.8
,醫影,,71.0,-0.2,上櫃,1150407,-0.28
,均華,,1330.0,-45.0,上櫃,1150407,-3.27
,富致,,53.6,0.5,上櫃,1150407,0.94
,M31,,463.0,-8.0,上櫃,1150407,-1.7
,台生材,,44.95,-1.5,上櫃,1150407,-3.23
,全宇昕,,90.0,2.2,上櫃,1150407,2.51
,天正國際,,88.8,-1.8,上櫃,1150407,-1.99
,威健生技,,18.3,-0.3,上櫃,1150407,-1.61
,樂斯科,,29.95,1.15,上櫃,1150407,3.99
,群翊,,359.5,5.0,上櫃,1150407,1.41
,信紘科,,236.5,0.5,上櫃,1150407,0.21
,鈺太,,246.0,1.5,上櫃,1150407,0.61
,鑫創電子,,57.2,-0.8,上櫃,1150407,-1.38
,雍智科技,,1480.0,30.0,上櫃,1150407,2.07
,安格,,41.85,-0.85,上櫃,1150407,-1.99
,安碁資訊,,164.5,1.5,上櫃,1150407,0.92
,進能服,,32.35,0.55,上櫃,1150407,1.73
,廣閎科,,118.5,10.5,上櫃,1150407,9.72
,東捷資訊,,41.3,0.15,上櫃,1150407,0.36
,軒郁,,118.0,1.5,上櫃,1150407,1.29
,天擎,,40.95,0.55,上櫃,1150407,1.36
,長聖,,141.5,1.0,上櫃,1150407,0.71
,應廣,,67.3,3.3,上櫃,1150407,5.16
,久昌,,169.0,4.0,上櫃,1150407,2.42
,信實,,58.6,-0.2,上櫃,1150407,-0.34
,矽科宏晟,,267.0,5.0,上櫃,1150407,1.91
,亞泰金屬,,354.5,-3.5,上櫃,1150407,-0.98
,上洋,,118.0,1.0,上櫃,1150407,0.85
,常廣,,36.0,0.25,上櫃,1150407,0.7
,昇佳電子,,146.5,2.0,上櫃,1150407,1.38
,博晟生醫,,32.45,-0.35,上櫃,1150407,-1.07
,美達科技,,58.4,-4.0,上櫃,1150407,-6.41
,竹陞科技,,1415.0,125.0,上櫃,1150407,9.69
,91APP*-KY,,61.8,0.3,上櫃,1150407,0.49
,智聯服務,,50.4,-0.1,上櫃,1150407,-0.2
,叡揚,,106.0,1.0,上櫃,1150407,0.95
,穩得,,158.5,-0.5,上櫃,1150407,-0.31
,達亞,,168.5,-0.5,上櫃,1150407,-0.3
,綠界科技*,,47.55,0.65,上櫃,1150407,1.39
,台微醫,,28.3,0.0,上櫃,1150407,0.0
,昱展新藥,,183.5,16.5,上櫃,1150407,9.88
,華景電,,376.5,3.0,上櫃,1150407,0.8
,虎門科技,,100.0,2.9,上櫃,1150407,2.99
,崑鼎,,290.0,1.5,上櫃,1150407,0.52
,明係,,16.65,-0.15,上櫃,1150407,-0.89
,宏碁資訊,,184.0,1.0,上櫃,1150407,0.55
,聯寶,,52.0,-4.5,上櫃,1150407,-7.96
,濾能,,62.1,0.4,上櫃,1150407,0.65
,千附精密,,118.0,1.5,上櫃,1150407,1.29
,東研信超,,59.5,0.0,上櫃,1150407,0.0
,長佳智能,,59.2,-0.9,上櫃,1150407,-1.5
,進典,,43.85,-0.85,上櫃,1150407,-1.9
,諾貝兒,,63.9,-0.1,上櫃,1150407,-0.16
,綠茵,,70.4,-0.6,上櫃,1150407,-0.85
,伯特光,,114.5,0.5,上櫃,1150407,0.44
,偉康科技,,37.65,0.4,上櫃,1150407,1.07
,騰雲,,183.0,-1.5,上櫃,1150407,-0.81
,浩宇生醫,,17.0,0.2,上櫃,1150407,1.19
,倍力,,84.3,0.0,上櫃,1150407,0.0
,國邑*,,38.35,0.3,上櫃,1150407,0.79
,鏵友益,,119.0,2.5,上櫃,1150407,2.15
,潤德,,238.0,2.0,上櫃,1150407,0.85
,海柏特,,34.0,-0.45,上櫃,1150407,-1.31
,衛司特,,319.5,7.0,上櫃,1150407,2.24
,宏碩系統,,173.5,-6.0,上櫃,1150407,-3.34
,創為精密,,55.4,4.2,上櫃,1150407,8.2
,巨漢,,300.0,21.0,上櫃,1150407,7.53
,伯鑫,,121.0,0.0,上櫃,1150407,0.0
,雅特力-KY,,108.0,9.8,上櫃,1150407,9.98
,德鴻,,29.35,-0.65,上櫃,1150407,-2.17
,鴻呈,,112.5,5.5,上櫃,1150407,5.14
,宸曜,,151.5,-1.0,上櫃,1150407,-0.66
,意藍,,71.0,-0.9,上櫃,1150407,-1.25
,佑全,,30.8,0.8,上櫃,1150407,2.67
,家碩,,214.5,6.5,上櫃,1150407,3.12
,旅天下,,56.4,0.1,上櫃,1150407,0.18
,汎瑋材料,,62.6,0.5,上櫃,1150407,0.81
,萬達寵物,,45.4,0.6,上櫃,1150407,1.34
,惠民實業,,29.2,-0.4,上櫃,1150407,-1.35
,大井泵浦,,51.7,0.0,上櫃,1150407,0.0
,力領科技,,164.5,-1.5,上櫃,1150407,-0.9
,邑錡,,117.0,-2.0,上櫃,1150407,-1.68
,碩網,,75.5,-1.7,上櫃,1150407,-2.2
,意德士,,175.5,3.5,上櫃,1150407,2.03
,樂意,,32.65,0.2,上櫃,1150407,0.62
,昶瑞機電,,74.0,0.3,上櫃,1150407,0.41
,銳澤,,217.0,-7.0,上櫃,1150407,-3.12
,明遠精密,,51.4,4.65,上櫃,1150407,9.95
,全家餐飲,,92.5,0.3,上櫃,1150407,0.33
,榮田,,67.4,-0.8,上櫃,1150407,-1.17
,博盛半導體,,111.5,6.5,上櫃,1150407,6.19
,威力德生醫,,67.2,-0.5,上櫃,1150407,-0.74
,創泓科技,,128.5,-1.0,上櫃,1150407,-0.77
,裕山,,28.8,-0.15,上櫃,1150407,-0.52
,萊德光電-KY,,800.0,69.0,上櫃,1150407,9.44
,友鋮,,47.4,0.3,上櫃,1150407,0.64
,築間,,34.35,-0.15,上櫃,1150407,-0.43
,光焱科技,,721.0,-16.0,上櫃,1150407,-2.17
,印能科技,,2325.0,-25.0,上櫃,1150407,-1.06
,東聯互動,,183.5,0.0,上櫃,1150407,0.0
,金利食安,,20.1,-0.3,上櫃,1150407,-1.47
,崴寶,,449.0,10.5,上櫃,1150407,2.39
,昕奇雲端,,114.0,-3.5,上櫃,1150407,-2.98
,竑騰,,1830.0,165.0,上櫃,1150407,9.91
,星亞,,40.8,1.3,上櫃,1150407,3.29
,金色三麥,,108.5,-1.0,上櫃,1150407,-0.91
,仁大資訊,,44.2,0.05,上櫃,1150407,0.11
,君曜,,49.5,-1.4,上櫃,1150407,-2.75
,能率亞洲,,24.9,0.2,上櫃,1150407,0.81
,光速火箭,,27.0,0.85,上櫃,1150407,3.25
,安葆,,315.5,6.5,上櫃,1150407,2.1
,威聯通,,691.0,17.0,上櫃,1150407,2.52
,捷創科技,,235.5,3.5,上櫃,1150407,1.51
,民盛,,87.2,-1.7,上櫃,1150407,-1.91
,佑華,,12.9,-0.05,上櫃,1150407,-0.39
,鈦昇,,151.5,-3.0,上櫃,1150407,-1.94
,光菱,,33.3,-0.4,上櫃,1150407,-1.19
,榮群,,25.6,2.3,上櫃,1150407,9.87
,長園科,,39.0,0.55,上櫃,1150407,1.43
,九暘,,47.8,0.35,上櫃,1150407,0.74
,金山電,,51.8,0.8,上櫃,1150407,1.57
,蜜望實,,63.6,-0.6,上櫃,1150407,-0.93
,網家,,22.15,-0.3,上櫃,1150407,-1.34
,星雲,,51.4,0.2,上櫃,1150407,0.39
,德勝,,52.5,0.5,上櫃,1150407,0.96
,晶采,,25.15,-0.25,上櫃,1150407,-0.98
,廣積,,40.0,-0.45,上櫃,1150407,-1.11
,安國,,90.4,-1.6,上櫃,1150407,-1.74
,凱碩,,17.65,-0.1,上櫃,1150407,-0.56
,東捷,,64.8,-1.2,上櫃,1150407,-1.82
,來思達,,18.5,-0.1,上櫃,1150407,-0.54
,志旭,,15.0,0.65,上櫃,1150407,4.53
,全達,,20.35,-0.25,上櫃,1150407,-1.21
,元太,,142.5,0.5,上櫃,1150407,0.35
,能率網通,,15.7,-0.25,上櫃,1150407,-1.57
,鉅橡,,55.7,2.6,上櫃,1150407,4.9
,伍豐,,22.9,-0.55,上櫃,1150407,-2.35
,洛碁,,44.45,1.25,上櫃,1150407,2.89
,泰霖,,29.0,0.2,上櫃,1150407,0.69
,瑞穎,,166.5,1.5,上櫃,1150407,0.91
,巨虹,,48.85,-0.15,上櫃,1150407,-0.31
,福華,,15.6,0.55,上櫃,1150407,3.65
,宏捷科,,138.0,12.5,上櫃,1150407,9.96
,麗升能源,,33.5,0.25,上櫃,1150407,0.75
,品安,,48.7,-1.0,上櫃,1150407,-2.01
,康全電訊,,22.0,-0.6,上櫃,1150407,-2.65
,翔名,,166.5,6.0,上櫃,1150407,3.74
,建暐,,12.15,0.0,上櫃,1150407,0.0
,保銳,,19.45,-1.55,上櫃,1150407,-7.38
,擎亞,,94.0,4.8,上櫃,1150407,5.38
,常珵,,55.1,-0.3,上櫃,1150407,-0.54
,大世科,,64.2,5.0,上櫃,1150407,8.45
,傑霖科技,,54.4,,上櫃,1150407,
,大億金茂,,12.75,-0.1,上櫃,1150407,-0.78
,博大,,111.0,5.5,上櫃,1150407,5.21
,立碁,,60.6,2.0,上櫃,1150407,3.41
,越峰,,23.05,-0.3,上櫃,1150407,-1.28
,正淩,,139.5,2.5,上櫃,1150407,1.82
,博智,,278.0,25.0,上櫃,1150407,9.88
,天宇,,23.95,-0.1,上櫃,1150407,-0.42
,智捷,,10.9,-0.4,上櫃,1150407,-3.54
,加高,,27.45,-0.4,上櫃,1150407,-1.44
,精星,,31.9,-0.1,上櫃,1150407,-0.31
,巨有科技,,119.5,2.0,上櫃,1150407,1.7
,新漢,,58.3,-1.3,上櫃,1150407,-2.18
,華宏,,52.1,-2.5,上櫃,1150407,-4.58
,朋程,,122.5,5.0,上櫃,1150407,4.26
,全景軟體,,72.0,0.5,上櫃,1150407,0.7
,商丞,,7.71,-0.1,上櫃,1150407,-1.28
,生展,,109.0,1.0,上櫃,1150407,0.93
,三竹,,63.6,0.1,上櫃,1150407,0.16
,泰藝,,35.4,-0.35,上櫃,1150407,-0.98
,群聯,,1570.0,15.0,上櫃,1150407,0.96
,益張,,87.1,-1.2,上櫃,1150407,-1.36
,恒耀,,41.4,0.45,上櫃,1150407,1.1
,恒耀甲特,,47.2,0.35,上櫃,1150407,0.75
,冠好,,15.0,0.0,上櫃,1150407,0.0
,金居,,243.5,13.5,上櫃,1150407,5.87
,千附,,44.3,0.0,上櫃,1150407,0.0
,金益鼎,,89.7,0.9,上櫃,1150407,1.01
,白紗科,,24.95,-0.05,上櫃,1150407,-0.2
,盛弘,,22.35,0.15,上櫃,1150407,0.68
,商之器,,20.85,0.15,上櫃,1150407,0.72
,森田,,35.7,-0.2,上櫃,1150407,-0.56
,大國鋼,,34.55,0.35,上櫃,1150407,1.02
,實威,,169.0,1.0,上櫃,1150407,0.6
,旭源,,13.6,0.0,上櫃,1150407,0.0
,保綠-KY,,18.45,0.0,上櫃,1150407,0.0
,惠普,,74.4,0.2,上櫃,1150407,0.27
,紅木-KY,,25.15,-0.25,上櫃,1150407,-0.98
,匯鑽科,,55.3,-0.6,上櫃,1150407,-1.07
,東生華,,51.2,-0.7,上櫃,1150407,-1.35
,弘帆,,61.5,-1.0,上櫃,1150407,-1.6
,鉅邁,,56.5,-0.3,上櫃,1150407,-0.53
,大江,,124.5,-2.5,上櫃,1150407,-1.97
,大地-KY,,12.6,0.0,上櫃,1150407,0.0
,綠電,,22.2,-0.3,上櫃,1150407,-1.33
,綠河-KY,,8.4,-0.5,上櫃,1150407,-5.62
,華研,,98.3,0.2,上櫃,1150407,0.2
,霹靂,,17.0,-0.6,上櫃,1150407,-3.41
,大拓-KY,,21.15,0.3,上櫃,1150407,1.44
,夠麻吉,,79.0,0.0,上櫃,1150407,0.0
,創業家,,13.95,0.45,上櫃,1150407,3.33
,三貝德,,26.7,0.0,上櫃,1150407,0.0
,裕國,,39.5,-1.0,上櫃,1150407,-2.47
,花王,,29.35,0.05,上櫃,1150407,0.17
,欣雄,,41.0,0.45,上櫃,1150407,1.11
,光隆,,47.4,0.1,上櫃,1150407,0.21
,欣泰,,52.7,0.0,上櫃,1150407,0.0
,時報,,20.25,0.1,上櫃,1150407,0.5
,大田,,66.7,-0.3,上櫃,1150407,-0.45
,北基,,25.2,1.5,上櫃,1150407,6.33
,鉅明,,23.0,-0.25,上櫃,1150407,-1.08
,富堡,,16.25,0.0,上櫃,1150407,0.0
,青鋼,,29.85,0.05,上櫃,1150407,0.17
,大汽電,,41.3,-2.05,上櫃,1150407,-4.73
,智通*,,81.9,1.8,上櫃,1150407,2.25
,愛地雅,,6.7,-0.08,上櫃,1150407,-1.18
,邦泰,,17.9,-0.6,上櫃,1150407,-3.24
,國統,,50.2,-0.9,上櫃,1150407,-1.76
,明安,,63.1,-0.8,上櫃,1150407,-1.25
,關中,,46.0,0.0,上櫃,1150407,0.0
,森鉅,,37.85,-0.1,上櫃,1150407,-0.26
,台新標普500,,11.61,0.13,上櫃,1150407,1.13
,台新標普科技精選,,12.35,0.23,上櫃,1150407,1.9
,富邦標普500,,9.8,0.12,上櫃,1150407,1.24
,大華美國MAG7+,,9.26,0.1,上櫃,1150407,1.09
,琉園,,32.05,-0.05,上櫃,1150407,-0.16
,萬國通,,10.65,-0.05,上櫃,1150407,-0.47
,皇田,,53.2,-0.1,上櫃,1150407,-0.19
,邁達康,,25.05,0.25,上櫃,1150407,1.01
,有益,,10.5,-0.2,上櫃,1150407,-1.87
,統一亞洲半導體N,,22.93,0.85,上櫃,1150407,3.85
,元大上櫃ESG成長N,,7.25,0.12,上櫃,1150407,1.68
,元大上櫃ESG高息N,,9.7,0.12,上櫃,1150407,1.25
,元大上櫃ESG龍頭N,,8.06,0.21,上櫃,1150407,2.68
,兆豐半導體氣候N,,14.3,0.5,上櫃,1150407,3.62
