Date,股票代碼,名稱,成交量(股),成交金額,開盤價,最高價,最低價,收盤價,漲跌價差,Transaction,漲幅(%)
1150402,0050,元大台灣50,113976137.0,8478357215,75.9,76.05,73.8,73.95,-1.5,162558,-1.99
1150402,0051,元大中型100,96469.0,10520225,109.05,110.7,108.05,108.05,-0.7,1553,-0.64
1150402,0052,富邦科技,33332017.0,1472525351,45.07,45.07,43.73,43.82,-0.91,30971,-2.03
1150402,0053,元大電子,9562.0,1602339,169.9,169.9,165.95,165.95,-2.2,167,-1.31
1150402,0055,元大MSCI金融,52030.0,1697548,32.63,32.85,32.5,32.52,-0.06,287,-0.18
1150402,0056,元大高股息,142688419.0,5412696178,38.52,38.52,37.7,37.82,-0.29,84427,-0.76
1150402,0057,富邦摩台,116348.0,25553379,223.1,223.1,219.0,219.45,-5.9,140,-2.62
1150402,0061,元大寶滬深,62165.0,1435848,23.17,23.28,23.03,23.03,-0.14,148,-0.6
1150402,006203,元大MSCI台灣,7365.0,1001614,138.35,138.35,135.0,135.0,-2.05,98,-1.5
1150402,006204,永豐臺灣加權,1999.0,331795,166.05,166.05,166.05,166.05,-2.4,104,-1.42
1150402,006205,富邦上証,247288.0,9747619,39.62,39.62,39.18,39.24,-0.38,197,-0.96
1150402,006206,元大上證50,8572.0,312149,36.89,36.89,36.25,36.25,-0.3,74,-0.82
1150402,006207,復華滬深,114550.0,3544505,31.05,31.05,30.86,30.86,-0.24,64,-0.77
1150402,006208,富邦台50,3309582.0,572787115,176.05,176.5,171.3,171.6,-3.7,12887,-2.11
1150402,00625K,富邦上証+R,,,,,,,0.0,,
1150402,00631L,元大台灣50正2,289231883.0,5901927120,21.35,21.35,19.96,20.0,-1.0,94394,-4.76
1150402,00632R,元大台灣50反1,138133676.0,1978289969,14.06,14.49,14.04,14.49,0.35,15258,2.48
1150402,00633L,富邦上証正2,2327873.0,107770135,46.62,46.64,45.76,45.86,-0.92,299,-1.97
1150402,00634R,富邦上証反1,342000.0,1126160,3.27,3.32,3.27,3.32,0.05,13,1.53
1150402,00635U,期元大S&P黃金,11069027.0,550499211,50.2,50.45,49.13,49.34,-0.08,6117,-0.16
1150402,00636,國泰中國A50,338966.0,9142355,27.07,27.07,26.8,26.8,-0.17,214,-0.63
1150402,00636K,國泰中國A50+U,200.0,1692,8.46,8.46,8.46,8.46,-0.01,2,-0.12
1150402,00637L,元大滬深300正2,23381828.0,447092496,19.38,19.38,18.93,18.99,-0.35,2266,-1.81
1150402,00638R,元大滬深300反1,112120.0,795078,7.07,7.12,7.07,7.12,0.08,13,1.14
1150402,00639,富邦深100,749327.0,11632915,15.61,15.61,15.41,15.46,-0.13,142,-0.83
1150402,00640L,富邦日本正2,1216151.0,107470558,90.1,90.45,86.1,86.1,-2.25,375,-2.55
1150402,00641R,富邦日本反1,1964228.0,8237762,4.13,4.24,4.12,4.23,0.05,187,1.2
1150402,00642U,期元大S&P石油,53507135.0,1493570899,26.64,28.67,26.61,28.48,0.76,11512,2.74
1150402,00643,群益深証中小,2592840.0,45863728,17.85,17.85,17.62,17.62,-0.15,157,-0.84
1150402,00643K,群益深証中小+R,,,,,,,0.0,,
1150402,00645,富邦日本,155092.0,7988219,52.0,52.15,50.9,50.95,-0.6,318,-1.16
1150402,00646,元大S&P500,3706462.0,242602465,66.2,66.2,65.3,65.45,-0.3,3765,-0.46
1150402,00647L,元大S&P500正2,134946.0,14047012,105.5,105.5,103.3,103.4,-1.75,204,-1.66
1150402,00648R,元大S&P500反1,1787600.0,8235909,4.57,4.63,4.56,4.63,0.05,118,1.09
1150402,00650L,復華香港正2,3447917.0,57141349,16.92,16.94,16.36,16.4,-0.52,637,-3.07
1150402,00651R,復華香港反1,649979.0,3519564,5.38,5.45,5.38,5.45,0.1,49,1.87
1150402,00652,富邦印度,682326.0,21610284,32.29,32.63,31.44,31.52,-0.66,564,-2.05
1150402,00653L,富邦印度正2,918614.0,38058270,43.1,43.1,40.81,40.95,-2.15,446,-4.99
1150402,00654R,富邦印度反1,175385.0,1287088,7.19,7.39,7.19,7.39,0.22,51,3.07
1150402,00655L,國泰中國A50正2,968179.0,31185168,32.51,32.51,31.85,31.93,-0.63,203,-1.93
1150402,00656R,國泰中國A50反1,517010.0,3246823,6.28,6.28,6.28,6.28,0.04,6,0.64
1150402,00657,國泰日經225,261372.0,16377222,63.25,63.25,62.1,62.1,-1.25,109,-1.97
1150402,00657K,國泰日經225+U,200.0,3908,19.54,19.54,19.54,19.54,-0.25,2,-1.26
1150402,00660,元大歐洲50,6229.0,255919,41.41,41.41,40.7,40.7,-0.71,83,-1.71
1150402,00661,元大日經225,56139.0,3853792,69.95,70.1,68.0,68.1,-1.2,245,-1.73
1150402,00662,富邦NASDAQ,5346997.0,522681515,98.8,98.8,97.15,97.15,-0.85,3663,-0.87
1150402,00663L,國泰臺灣加權正2,19871027.0,1165098485,61.0,61.15,57.25,57.3,-2.85,8133,-4.74
1150402,00664R,國泰臺灣加權反1,26231879.0,60969247,2.28,2.35,2.27,2.35,0.06,1081,2.62
1150402,00665L,富邦恒生國企正2,20928821.0,196863148,9.64,9.64,9.27,9.31,-0.28,1738,-2.92
1150402,00666R,富邦恒生國企反1,347020.0,3236377,9.32,9.4,9.29,9.4,0.16,19,1.73
1150402,00668,國泰美國道瓊,23879.0,1290782,54.25,54.25,53.7,53.85,-0.3,103,-0.55
1150402,00668K,國泰美國道瓊+U,200.0,3400,17.0,17.0,17.0,17.0,0.08,2,0.47
1150402,00669R,國泰美國道瓊反1,3462771.0,20762823,5.93,6.02,5.93,6.01,0.07,171,1.18
1150402,00670L,富邦NASDAQ正2,2096421.0,290301128,140.8,141.0,136.3,136.65,-2.6,1915,-1.87
1150402,00671R,富邦NASDAQ反1,8719979.0,26618960,3.02,3.07,3.0,3.07,0.05,459,1.66
1150402,00673R,期元大S&P原油反1,43196596.0,709169619,17.2,17.31,15.85,16.2,-0.81,11956,-4.76
1150402,00674R,期元大S&P黃金反1,876244.0,4600866,5.17,5.31,5.17,5.3,0.02,73,0.38
1150402,00675L,富邦臺灣加權正2,5015318.0,891830302,185.2,185.45,173.65,173.75,-8.75,4563,-4.79
1150402,00676R,富邦臺灣加權反1,5540557.0,43677486,7.74,7.97,7.72,7.95,0.15,754,1.92
1150402,00678,群益那斯達克生技,238117.0,8485481,36.01,36.01,35.57,35.65,-0.29,116,-0.81
1150402,00680L,元大美債20正2,19613079.0,137853413,7.11,7.11,6.99,7.0,-0.15,1093,-2.1
1150402,00681R,元大美債20反1,51000.0,1073110,21.04,21.11,21.04,21.11,0.2,2,0.96
1150402,00682U,期元大美元指數,15008.0,308472,20.43,20.6,20.43,20.55,0.11,13,0.54
1150402,00683L,期元大美元指正2,371688.0,8009766,21.41,21.65,21.41,21.65,0.15,58,0.7
1150402,00684R,期元大美元指反1,51000.0,778760,15.27,15.27,15.26,15.26,0.0,2,0.0
1150402,00685L,群益臺灣加權正2,2113056.0,339428335,166.55,166.85,156.4,156.6,-7.6,1988,-4.63
1150402,00686R,群益臺灣加權反1,9280700.0,13152605,1.39,1.43,1.38,1.43,0.03,207,2.14
1150402,00688L,國泰20年美債正2,9191053.0,64568936,7.1,7.1,6.98,6.99,-0.14,534,-1.96
1150402,00689R,國泰20年美債反1,2000.0,44180,22.09,22.09,22.09,22.09,0.25,2,1.14
1150402,00690,兆豐藍籌30,224121.0,11504463,52.4,52.45,50.9,51.0,-1.0,406,-1.92
1150402,00692,富邦公司治理,1315392.0,86488607,66.75,66.9,65.1,65.25,-1.3,1452,-1.95
1150402,00693U,期街口S&P黃豆,1106607.0,24478227,21.99,22.17,21.98,22.17,0.07,263,0.32
1150402,00700,富邦恒生國企,66252.0,1144117,17.4,17.4,17.18,17.2,-0.2,155,-1.15
1150402,00701,國泰股利精選30,1057403.0,30483356,28.9,29.1,28.65,28.73,-0.16,493,-0.55
1150402,00702,國泰標普低波高息,105769.0,2510187,23.75,23.75,23.73,23.75,0.0,71,0.0
1150402,00703,台新MSCI中國,20440.0,408728,20.3,20.3,19.94,20.2,-0.02,67,-0.1
1150402,00706L,期元大S&P日圓正2,1214468.0,23677087,19.6,19.61,19.45,19.48,-0.11,306,-0.56
1150402,00707R,期元大S&P日圓反1,4000.0,127790,31.89,32.06,31.89,32.06,0.0,3,0.0
1150402,00708L,期元大S&P黃金正2,11687699.0,1161628854,102.45,102.45,97.3,98.1,-0.45,4821,-0.46
1150402,00709,富邦歐洲,156958.0,5722983,37.0,37.0,36.32,36.37,-0.48,194,-1.3
1150402,00710B,復華彭博非投等債,152919.0,2891760,18.91,18.93,18.88,18.9,0.03,34,0.16
1150402,00711B,復華彭博新興債,163574.0,2609752,16.03,16.03,15.92,15.94,-0.05,91,-0.31
1150402,00712,復華富時不動產,15338479.0,132415108,8.71,8.71,8.6,8.61,-0.1,4891,-1.15
1150402,00713,元大台灣高息低波,5413054.0,278895150,51.75,51.85,51.3,51.35,-0.15,4259,-0.29
1150402,00714,群益道瓊美國地產,114115.0,2320599,20.31,20.35,20.31,20.34,0.06,25,0.3
1150402,00715L,期街口布蘭特正2,53837153.0,3211229242,53.8,63.0,53.7,61.7,2.8,13650,4.75
1150402,00717,富邦美國特別股,37232.0,554330,14.85,14.94,14.85,14.86,0.03,151,0.2
1150402,00728,第一金工業30,341337.0,14848527,44.73,44.73,42.7,42.99,-1.2,298,-2.72
1150402,00730,富邦臺灣優質高息,265022.0,5931872,22.37,22.59,22.15,22.2,-0.16,302,-0.72
1150402,00731,復華富時高息低波,608926.0,42984922,71.0,71.1,70.5,70.75,0.15,208,0.21
1150402,00733,富邦臺灣中小,840168.0,47628343,56.75,57.6,55.0,55.05,-0.8,966,-1.43
1150402,00735,國泰臺韓科技,1796373.0,117348745,67.0,67.25,64.3,64.35,-2.15,1547,-3.23
1150402,00736,國泰新興市場,192258.0,5281204,28.12,28.12,27.26,27.26,-0.59,106,-2.12
1150402,00737,國泰AI機器人,61354.0,1973921,32.79,32.79,31.95,32.0,-0.35,131,-1.08
1150402,00738U,期元大道瓊白銀,11424602.0,678977083,61.55,61.55,58.4,58.55,-2.3,4900,-3.78
1150402,00739,元大MSCI A股,48368.0,1290006,26.79,26.79,26.58,26.68,-0.06,106,-0.22
1150402,00752,中信中國50,988681.0,23478852,23.97,23.98,23.61,23.64,-0.33,538,-1.38
1150402,00753L,中信中國50正2,11644545.0,117811175,10.29,10.33,10.0,10.03,-0.31,1655,-3.0
1150402,00757,統一FANG+,1594415.0,167006018,106.0,106.1,104.15,104.15,-0.95,3897,-0.9
1150402,00762,元大全球AI,233059.0,18703377,80.85,81.55,79.6,79.7,-0.1,417,-0.13
1150402,00763U,期街口道瓊銅,2128995.0,64461273,30.61,30.61,30.15,30.21,-0.45,398,-1.47
1150402,00770,國泰北美科技,398837.0,19916535,50.4,50.5,49.66,49.7,-0.25,558,-0.5
1150402,00771,元大US高息特別股,8204.0,130595,15.92,16.01,15.92,16.01,0.09,60,0.57
1150402,00775B,新光投等債15+,81041.0,2633547,32.5,32.5,32.5,32.5,-0.15,81,-0.46
1150402,00783,富邦中証500,52087.0,1420271,27.38,27.38,27.1,27.1,-0.39,130,-1.42
1150402,00830,國泰費城半導體,10393680.0,564251193,55.25,55.3,53.75,53.8,-0.3,6202,-0.55
1150402,00850,元大臺灣ESG永續,898985.0,55813288,62.5,63.3,61.35,61.55,-0.95,1171,-1.52
1150402,00851,台新全球AI,6742.0,362747,54.0,54.0,53.6,53.6,-0.75,72,-1.38
1150402,00852L,國泰美國道瓊正2,1261519.0,35119998,28.18,28.28,27.57,27.6,-0.45,140,-1.6
1150402,00861,元大全球未來通訊,307559.0,19619165,64.4,64.4,63.0,63.3,-0.55,2754,-0.86
1150402,00865B,國泰US短期公債,1679894.0,81395591,48.4,48.52,48.38,48.49,0.14,620,0.29
1150402,00875,國泰網路資安,44321.0,1688866,38.51,38.51,37.98,38.01,0.08,126,0.21
1150402,00876,元大全球5G,319901.0,19724881,62.95,63.05,61.35,61.35,-0.4,2726,-0.65
1150402,00878,國泰永續高股息,49885438.0,1102725500,22.43,22.48,21.96,22.03,-0.27,30540,-1.21
1150402,00881,國泰台灣科技龍頭,13246263.0,483914306,37.16,37.31,35.99,36.08,-0.78,7454,-2.12
1150402,00882,中信中國高股息,4284254.0,66617205,15.53,15.61,15.48,15.49,-0.04,1245,-0.26
1150402,00885,富邦越南,2635208.0,46093795,17.61,17.65,17.37,17.5,-0.07,879,-0.4
1150402,00891,中信關鍵半導體,10471863.0,249493588,24.24,24.39,23.51,23.56,-0.48,5447,-2.0
1150402,00892,富邦台灣半導體,3227630.0,93247611,29.69,29.72,28.55,28.58,-0.64,1438,-2.19
1150402,00893,國泰智能電動車,1341596.0,44706886,33.7,33.7,32.96,32.99,-0.24,447,-0.72
1150402,00894,中信小資高價30,2912551.0,98123937,34.25,34.52,33.08,33.13,-0.91,1581,-2.67
1150402,00895,富邦未來車,482355.0,18939434,40.0,40.0,38.95,38.96,-0.38,385,-0.97
1150402,00896,中信綠能及電動車,2011589.0,41777887,20.98,21.19,20.44,20.5,-0.45,1076,-2.15
1150402,00897,富邦基因免疫生技,388803.0,3783102,9.76,9.83,9.67,9.67,-0.04,106,-0.41
1150402,00898,國泰基因免疫革命,281246.0,2293986,8.15,8.23,8.1,8.11,-0.02,244,-0.25
1150402,00899,FT潔淨能源,286282.0,6778628,23.71,23.73,23.47,23.47,-0.22,1659,-0.93
1150402,00900,富邦特選高股息30,7873367.0,108913186,13.97,14.0,13.74,13.76,-0.14,2782,-1.01
1150402,00901,永豐智能車供應鏈,562976.0,16467141,29.88,29.88,28.75,28.78,-0.66,213,-2.24
1150402,00902,中信電池及儲能,1414174.0,19960593,14.33,14.36,14.03,14.06,-0.18,488,-1.26
1150402,00903,富邦元宇宙,653461.0,10054056,15.53,15.6,15.33,15.33,-0.08,163,-0.52
1150402,00904,新光臺灣半導體30,4530616.0,127146933,28.6,28.7,27.57,27.7,-0.54,2125,-1.91
1150402,00905,FT臺灣Smart,3030688.0,59031569,19.85,19.92,19.28,19.36,-0.3,1725,-1.53
1150402,00907,永豐優息存股,683864.0,10032125,14.77,14.77,14.59,14.63,-0.12,498,-0.81
1150402,00908,富邦入息REITs+,146069.0,1961861,13.5,13.51,13.36,13.37,-0.05,86,-0.37
1150402,00909,國泰數位支付服務,6366143.0,230273926,36.93,36.93,35.87,35.99,-0.67,4017,-1.83
1150402,00910,第一金太空衛星,2804895.0,165187982,59.8,60.2,58.15,58.2,0.75,4816,1.31
1150402,00911,兆豐洲際半導體,364988.0,13200828,36.2,36.52,36.0,36.0,0.18,2369,0.5
1150402,00912,中信臺灣智慧50,1487829.0,36301576,24.54,24.8,24.1,24.12,-0.42,726,-1.71
1150402,00913,兆豐台灣晶圓製造,501991.0,14663853,29.85,29.87,28.7,28.71,-0.76,307,-2.58
1150402,00915,凱基優選高股息30,3865852.0,89598869,23.41,23.47,23.01,23.05,-0.22,844,-0.95
1150402,00916,國泰全球品牌50,94299.0,2351980,25.08,25.1,24.8,24.81,-0.23,275,-0.92
1150402,00917,中信特選金融,2058880.0,42345814,20.52,20.65,20.48,20.5,-0.01,506,-0.05
1150402,00918,大華優利高填息30,18362732.0,402773826,22.16,22.22,21.83,21.86,-0.19,9529,-0.86
1150402,00919,群益台灣精選高息,79548861.0,1780538441,22.67,22.69,22.24,22.3,-0.2,39368,-0.89
1150402,00920,富邦ESG綠色電力,640479.0,13781312,21.73,21.83,21.37,21.39,-0.3,1604,-1.38
1150402,00921,兆豐龍頭等權重,100630.0,1856452,18.54,18.6,18.22,18.24,-0.27,217,-1.46
1150402,00922,國泰台灣領袖50,14481866.0,400250045,28.17,28.22,27.36,27.43,-0.54,10143,-1.93
1150402,00923,群益台ESG低碳50,2610439.0,74382820,28.95,29.05,28.17,28.21,-0.54,2341,-1.88
1150402,00924,復華S&P500成長,1828663.0,49784373,27.54,27.54,27.07,27.08,-0.18,2244,-0.66
1150402,00926,凱基全球菁英55,274573.0,6172070,22.83,22.83,22.43,22.43,-0.23,318,-1.02
1150402,00927,群益半導體收益,39362075.0,944037074,24.58,24.61,23.73,23.75,-0.45,16575,-1.86
1150402,00929,復華台灣科技優息,31694918.0,598018234,19.14,19.21,18.69,18.73,-0.27,11419,-1.42
1150402,00930,永豐ESG低碳高息,531977.0,9037921,17.2,17.23,16.83,16.89,-0.21,326,-1.23
1150402,00932,兆豐永續高息等權,603273.0,8793123,14.68,14.81,14.48,14.5,-0.1,209,-0.68
1150402,00934,中信成長高股息,10063296.0,207294377,20.95,21.03,20.46,20.53,-0.38,1345,-1.82
1150402,00935,野村臺灣新科技50,7828326.0,290903657,37.86,38.09,36.54,36.54,-0.92,4045,-2.46
1150402,00936,台新永續高息中小,1144604.0,19939317,17.61,17.69,17.29,17.3,-0.2,330,-1.14
1150402,00938,凱基優選30,958351.0,17896496,18.71,18.77,18.45,18.46,-0.18,200,-0.97
1150402,00939,統一台灣高息動能,7069719.0,108171668,15.52,15.62,15.19,15.2,-0.24,1236,-1.55
1150402,00940,元大台灣價值高息,15745992.0,150345641,9.62,9.65,9.49,9.49,-0.09,3316,-0.94
1150402,00941,中信上游半導體,3117980.0,67720438,22.02,22.05,21.58,21.58,-0.19,2954,-0.87
1150402,00943,兆豐電子高息等權,550351.0,8343821,15.16,15.32,15.0,15.01,-0.05,92,-0.33
1150402,00944,野村趨勢動能高息,353248.0,5337451,15.3,15.33,15.08,15.08,-0.11,185,-0.72
1150402,00945B,凱基美國非投等債,4082760.0,59368640,14.56,14.56,14.52,14.53,0.0,534,0.0
1150402,00946,群益科技高息成長,4755482.0,47329630,10.1,10.14,9.88,9.91,0.0,1622,0.0
1150402,00947,台新臺灣IC設計,4043320.0,93222996,23.6,23.7,22.52,22.73,-0.38,1724,-1.64
1150402,00949,復華日本龍頭,1194774.0,23474260,19.83,19.84,19.35,19.36,-0.18,410,-0.92
1150402,00951,台新日本半導體,2373452.0,31237501,13.35,13.5,12.88,12.97,-0.2,848,-1.52
1150402,00952,凱基台灣AI50,1693241.0,21762278,12.92,13.01,12.61,12.63,-0.2,495,-1.56
1150402,00953B,群益優選非投等債,19382995.0,186925328,9.66,9.66,9.63,9.64,0.0,3378,0.0
1150402,00954,中信日本半導體,3063409.0,42854010,14.31,14.38,13.74,13.79,-0.25,811,-1.78
1150402,00956,中信日經高股息,231729.0,2903366,12.62,12.66,12.4,12.41,-0.12,260,-0.96
1150402,00960,野村全球航運龍頭,557132.0,9795744,17.68,17.7,17.56,17.58,0.03,293,0.17
1150402,00961,FT臺灣永續高息,3197092.0,31585708,9.95,10.01,9.8,9.8,-0.13,940,-1.31
1150402,00962,台新AI優息動能,657687.0,7000020,10.86,10.86,10.52,10.54,-0.17,201,-1.59
1150402,00963,中信全球高股息,1429515.0,17823252,12.57,12.57,12.42,12.43,-0.03,248,-0.24
1150402,00964,中信亞太高股息,2358054.0,31358870,13.5,13.5,13.22,13.23,-0.2,636,-1.49
1150402,00965,元大航太防衛科技,3323393.0,82273429,25.18,25.2,24.52,24.55,0.24,1527,0.99
1150402,00971,野村美國研發龍頭,808028.0,11911711,14.78,14.83,14.62,14.63,-0.09,272,-0.61
1150402,00972,野村日本動能高息,115745.0,2234537,19.3,19.45,19.12,19.12,-0.1,26,-0.52
1150402,009800,中信NASDAQ,3378782.0,35729341,10.68,10.7,10.52,10.52,-0.09,744,-0.85
1150402,009801,中信美國創新科技,717424.0,7279385,10.23,10.26,10.09,10.09,-0.13,425,-1.27
1150402,009802,富邦旗艦50,3557459.0,44174262,12.59,12.62,12.22,12.24,-0.17,604,-1.37
1150402,009803,保德信市值動能50,2249283.0,34208726,15.52,15.64,15.06,15.07,-0.39,764,-2.52
1150402,009804,聯邦台精彩50,2000023.0,33151231,16.85,16.86,16.38,16.4,-0.27,783,-1.62
1150402,009805,新光美國電力基建,7603881.0,113296801,15.01,15.05,14.83,14.83,-0.05,3994,-0.34
1150402,009808,華南永昌優選50,636161.0,13840387,22.06,22.26,21.57,21.59,-0.43,122,-1.95
1150402,009809,富邦淨零ESG50,483732.0,5880599,12.37,12.4,12.06,12.08,-0.22,87,-1.79
1150402,00980A,主動野村臺灣優選,11694443.0,203640316,17.74,17.8,17.14,17.17,-0.4,3530,-2.28
1150402,009810,保德信全球藍籌,53884.0,966762,18.11,18.11,17.88,17.89,-0.09,56,-0.5
1150402,009811,統一美國50,2747551.0,30194930,11.09,11.09,10.92,10.93,-0.09,924,-0.82
1150402,009812,野村日本東證,1867698.0,21535845,11.66,11.69,11.38,11.39,-0.14,280,-1.21
1150402,009813,貝萊德標普卓越50,2253260.0,22217107,9.96,9.97,9.82,9.82,-0.09,1270,-0.91
1150402,009816,凱基台灣TOP50,152167198.0,1608756002,10.75,10.77,10.46,10.49,-0.17,36011,-1.59
1150402,009817,國泰日本不動產,3988204.0,37640528,9.51,9.54,9.32,9.33,-0.04,350,-0.43
1150402,009818,華南永昌NASDAQxT,537251.0,7910424,14.86,14.87,14.6,14.61,-0.04,141,-0.27
1150402,00981A,主動統一台股增長,254627021.0,5231811285,20.95,21.09,20.16,20.22,-0.44,72826,-2.13
1150402,00981T,平衡凱基雙核收息,3260530.0,35931006,11.06,11.06,10.98,10.98,-0.05,289,-0.45
1150402,00982A,主動群益台灣強棒,38003871.0,621644476,16.69,16.75,16.09,16.13,-0.31,10146,-1.89
1150402,00982D,主動富邦動態入息,2865119.0,28764599,10.04,10.05,10.03,10.04,-0.03,154,-0.3
1150402,00982T,平衡兆豐台美動能,2219840.0,23954533,10.95,11.04,10.7,10.72,-0.21,66,-1.92
1150402,00983A,主動中信ARK創新,2468303.0,25510858,10.44,10.51,10.23,10.25,-0.15,653,-1.44
1150402,00983D,主動富邦複合收益,1266815.0,12943843,10.23,10.24,10.2,10.2,-0.03,221,-0.29
1150402,00984A,主動安聯台灣高息,8977727.0,112019974,12.66,12.67,12.38,12.38,-0.11,2210,-0.88
1150402,00984D,主動聯博全球非投,3098139.0,30921895,9.96,10.0,9.96,9.97,0.02,105,0.2
1150402,00985A,主動野村台灣50,6043864.0,97270906,16.32,16.36,15.88,15.91,-0.29,2387,-1.79
1150402,00985B,群益ESG投等債0-5,8606640.0,88660708,10.33,10.33,10.28,10.29,0.0,1995,0.0
1150402,00986A,主動台新龍頭成長,615548.0,7239919,11.86,11.89,11.7,11.7,0.14,270,1.21
1150402,00987A,主動台新優勢成長,9385375.0,116337304,12.68,12.71,12.11,12.13,-0.27,1851,-2.18
1150402,00988A,主動統一全球創新,32548813.0,408889095,12.86,12.9,12.33,12.45,0.01,5652,0.08
1150402,00989A,主動摩根美國科技,1371987.0,18675960,13.74,13.8,13.47,13.47,-0.18,326,-1.32
1150402,00990A,主動元大AI新經濟,33895656.0,406033007,12.18,12.24,11.8,11.86,0.05,4396,0.42
1150402,00991A,主動復華未來50,73468199.0,922200327,12.84,12.89,12.26,12.3,-0.24,15401,-1.91
1150402,00992A,主動群益科技創新,82785102.0,1093203746,13.45,13.53,12.93,12.95,-0.27,15331,-2.04
1150402,00993A,主動安聯台灣,29791886.0,313354067,10.58,10.68,10.3,10.32,-0.13,3496,-1.24
1150402,00994A,主動第一金台股優,7660944.0,95340710,12.66,12.72,12.13,12.17,-0.26,1218,-2.09
1150402,00995A,主動中信台灣卓越,10628646.0,127551666,12.02,12.23,11.7,11.72,-0.24,1896,-2.01
1150402,00996A,主動兆豐台灣豐收,25342806.0,249509961,9.97,10.06,9.7,9.72,-0.19,5129,-1.92
1150402,01001T,土銀富邦R1,46000.0,549670,11.92,11.95,11.92,11.95,-0.02,10,-0.17
1150402,01002T,土銀國泰R1,2402.0,34637,14.2,14.2,14.2,14.2,0.0,7,0.0
1150402,01004T,土銀富邦R2,,,,,,,0.0,,
1150402,01007T,兆豐國泰R2,97001.0,1288162,13.28,13.28,13.27,13.27,0.0,24,0.0
1150402,01009T,王道圓滿R1,205422.0,1177334,5.74,5.76,5.73,5.76,-0.01,19,-0.17
1150402,01010T,京城樂富R1,5000.0,50000,10.0,10.0,10.0,10.0,0.0,1,0.0
1150402,020000,富邦特選蘋果N,,,,,,,0.0,,
1150402,020011,統一微波高息20N,,,,,,,0.0,,
1150402,020012,富邦行動通訊N,,,,,,,0.0,,
1150402,02001L,富邦蘋果正二N,75000.0,4677750,65.8,65.8,61.75,62.3,-1.85,27,-2.88
1150402,02001R,富邦蘋果反一N,160000.0,114700,0.71,0.73,0.71,0.73,0.01,4,1.39
1150402,020020,元大台股領航N,1000.0,17040,17.04,17.04,17.04,17.04,-0.29,1,-1.67
1150402,020028,元大特選電動車N,3000.0,45120,15.0,15.1,15.0,15.1,0.27,3,1.82
1150402,020029,元大ESG高股息N,21000.0,204960,9.8,9.8,9.71,9.71,-0.23,4,-2.31
1150402,020030,統一智慧電動車N,83000.0,946430,11.41,11.41,11.36,11.36,-0.05,3,-0.44
1150402,020031,統一IC設計臺灣N,42000.0,279030,6.79,6.79,6.64,6.64,-0.04,2,-0.6
1150402,020032,元大綠能N,,,,,,,0.0,,
1150402,020034,元大IC設計N,50000.0,438290,8.81,8.81,8.75,8.76,-0.06,4,-0.68
1150402,020036,元大金融配息N,,,,,,,0.0,,
1150402,020037,元大金融高股息N,,,,,,,0.0,,
1150402,020038,元大ESG配息N,,,,,,,0.0,,
1150402,020039,元大加權N,1000.0,10400,10.4,10.4,10.4,10.4,-0.1,1,-0.95
1150402,1101,台泥,26328156.0,624359014,23.75,23.9,23.5,23.7,0.0,7105,0.0
1150402,1101B,台泥乙特,113106.0,5160283,45.55,45.65,45.55,45.65,-0.05,13,-0.11
1150402,1102,亞泥,7106566.0,251034371,35.35,35.45,35.2,35.25,-0.05,3822,-0.14
1150402,1103,嘉泥,146829.0,2022496,13.9,13.9,13.65,13.7,-0.15,174,-1.08
1150402,1104,環泥,276164.0,8137162,29.6,29.7,29.35,29.35,-0.25,314,-0.84
1150402,1108,幸福,230267.0,3414307,14.9,14.95,14.8,14.8,0.0,89,0.0
1150402,1109,信大,56262.0,859686,15.4,15.4,15.25,15.25,0.0,92,0.0
1150402,1110,東泥,422179.0,6191171,15.0,15.1,14.4,14.4,-0.55,234,-3.68
1150402,1201,味全,275374.0,3718337,13.6,13.6,13.4,13.4,-0.1,265,-0.74
1150402,1203,味王,17334.0,683877,39.4,39.85,39.4,39.4,0.0,136,0.0
1150402,1210,大成,2293512.0,125830191,54.6,55.2,54.3,54.7,0.1,1898,0.18
1150402,1213,大飲,23726.0,219826,9.31,9.36,9.19,9.21,-0.38,27,-3.96
1150402,1215,卜蜂,907431.0,127251766,138.5,142.0,138.5,139.0,0.5,1265,0.36
1150402,1216,統一,7271574.0,527439118,72.2,73.0,72.2,72.4,0.5,4302,0.7
1150402,1217,愛之味,235063.0,2422358,10.3,10.35,10.25,10.3,0.05,379,0.49
1150402,1218,泰山,616400.0,11992036,19.5,19.6,19.4,19.45,-0.05,456,-0.26
1150402,1219,福壽,422754.0,5892040,14.05,14.25,13.75,13.9,-0.05,284,-0.36
1150402,1220,台榮,75199.0,939836,12.6,12.6,12.45,12.5,-0.1,323,-0.79
1150402,1225,福懋油,101574.0,3218500,31.6,31.95,31.25,31.9,0.25,191,0.79
1150402,1227,佳格,642756.0,19795367,31.25,31.25,30.65,30.75,-0.3,481,-0.97
1150402,1229,聯華,1300722.0,58452658,44.9,45.1,44.75,44.95,0.1,1170,0.22
1150402,1231,聯華食,166513.0,15444132,92.9,93.0,92.2,92.8,-0.3,371,-0.32
1150402,1232,大統益,63574.0,9499062,149.0,150.0,149.0,149.0,-0.5,91,-0.33
1150402,1233,天仁,10122.0,288030,28.55,28.55,28.4,28.4,-0.1,37,-0.35
1150402,1234,黑松,109199.0,3918275,36.05,36.1,35.75,35.8,-0.25,150,-0.69
1150402,1235,興泰,12765.0,481373,37.5,38.85,37.5,37.5,-0.15,56,-0.4
1150402,1236,宏亞,33795.0,873766,25.95,26.25,25.65,25.95,-0.15,51,-0.57
1150402,1256,鮮活果汁-KY,39558.0,5813071,148.0,150.0,146.0,146.5,-0.5,154,-0.34
1150402,1301,台塑,17355217.0,799950996,46.6,46.85,45.75,45.9,-0.75,9838,-1.61
1150402,1303,南亞,69705526.0,5508651761,80.5,81.2,77.0,77.1,-1.6,41816,-2.03
1150402,1304,台聚,81517007.0,1448497290,16.6,18.7,16.1,17.9,0.65,28189,3.77
1150402,1305,華夏,44796178.0,775222023,16.3,18.1,15.85,17.95,1.05,16887,6.21
1150402,1307,三芳,1355418.0,43162308,32.55,32.55,31.5,31.5,-1.0,1036,-3.08
1150402,1308,亞聚,39804655.0,735439688,17.4,19.5,16.85,18.6,0.7,15487,3.91
1150402,1309,台達化,53264129.0,1316558922,23.1,25.95,22.15,25.95,2.35,22884,9.96
1150402,1310,台苯,11845017.0,130647828,10.8,11.3,10.55,11.0,0.1,3800,0.92
1150402,1312,國喬,14559287.0,192487926,13.2,13.55,12.9,13.2,-0.1,4292,-0.75
1150402,1312A,國喬特,,,,,,,0.0,,
1150402,1313,聯成,7933968.0,99393670,12.55,12.75,12.3,12.65,0.1,2971,0.8
1150402,1314,中石化,21539389.0,176362727,8.26,8.27,8.14,8.15,-0.09,6432,-1.09
1150402,1315,達新,14779.0,930640,63.2,63.3,62.8,63.0,-0.2,81,-0.32
1150402,1316,上曜,968239.0,11732683,12.35,12.35,12.05,12.05,-0.15,448,-1.23
1150402,1319,東陽,1708573.0,138171084,82.1,82.8,80.1,80.1,-1.9,2177,-2.32
1150402,1321,大洋,67040.0,2251483,33.7,33.8,33.45,33.65,0.05,52,0.15
1150402,1323,永裕,962697.0,21940598,21.1,23.3,21.0,23.3,2.1,865,9.91
1150402,1324,地球,725089.0,8412265,11.5,12.0,11.2,11.6,0.25,530,2.2
1150402,1325,恆大,164267.0,4520767,27.9,27.9,27.3,27.7,-0.15,228,-0.54
1150402,1326,台化,24161144.0,1089780322,45.35,45.75,44.65,44.95,-0.35,12305,-0.77
1150402,1337,再生-KY,1007523.0,6226903,6.14,6.31,6.07,6.16,0.01,685,0.16
1150402,1338,廣華-KY,1041880.0,17503535,17.9,17.9,16.1,16.3,-0.85,667,-4.96
1150402,1339,昭輝,55201.0,2237573,40.7,40.7,40.4,40.4,-0.1,316,-0.25
1150402,1340,勝悅-KY,354582.0,2365522,6.64,6.9,6.59,6.66,-0.04,611,-0.6
1150402,1341,富林-KY,2021.0,120084,59.4,59.4,59.4,59.4,1.4,6,2.41
1150402,1342,八貫,120173.0,10099052,84.6,85.0,83.5,83.6,-1.0,153,-1.18
1150402,1402,遠東新,14238847.0,379764045,27.0,27.0,26.45,26.65,-0.5,6432,-1.84
1150402,1409,新纖,2734524.0,42253577,15.65,15.65,15.35,15.4,-0.15,1202,-0.96
1150402,1410,南染,72000.0,2263850,31.3,31.9,31.0,31.0,-0.3,69,-0.96
1150402,1413,宏洲,15187.0,149054,9.84,9.84,9.8,9.83,-0.01,11,-0.1
1150402,1414,東和,344229.0,5756936,17.2,17.2,16.55,16.6,-0.55,498,-3.21
1150402,1416,廣豐,118187.0,1350470,11.55,11.55,11.35,11.4,-0.05,106,-0.44
1150402,1417,嘉裕,94231.0,862398,9.19,9.22,9.06,9.15,0.0,87,0.0
1150402,1418,東華,5365.0,101530,19.1,19.1,18.7,18.7,0.15,248,0.81
1150402,1419,新紡,52409.0,3205473,61.6,62.6,60.5,60.5,-1.9,169,-3.04
1150402,1423,利華,10449.0,417871,40.2,40.2,39.85,39.85,0.0,23,0.0
1150402,1432,大魯閣,197750.0,3440491,17.5,17.5,17.3,17.35,-0.1,411,-0.57
1150402,1434,福懋,691810.0,11465544,16.75,16.75,16.5,16.5,-0.15,535,-0.9
1150402,1435,中福,17020.0,288968,17.7,17.8,16.3,16.35,-1.35,116,-7.63
1150402,1436,華友聯,138620.0,7427664,54.5,54.5,53.1,53.5,-0.5,244,-0.93
1150402,1437,勤益控,78560.0,2409938,31.7,31.7,30.45,30.6,-0.1,109,-0.33
1150402,1438,三地開發,20518.0,573864,28.0,28.2,27.75,28.0,-0.05,35,-0.18
1150402,1439,雋揚,13043.0,354102,27.6,27.6,26.6,27.55,0.2,19,0.73
1150402,1440,南紡,826257.0,10507946,12.8,12.85,12.65,12.7,-0.1,435,-0.78
1150402,1441,大東,76595.0,756201,9.82,9.95,9.69,9.83,0.01,340,0.1
1150402,1442,名軒,269139.0,7035339,26.3,26.35,25.85,26.15,-0.15,221,-0.57
1150402,1443,立益物流,15010.0,338133,22.7,22.7,22.3,22.3,-0.7,19,-3.04
1150402,1444,力麗,318343.0,1989545,6.31,6.32,6.18,6.25,0.0,207,0.0
1150402,1445,大宇,105201.0,1312198,12.5,12.65,12.4,12.4,-0.2,59,-1.59
1150402,1446,宏和,289826.0,4768889,16.7,16.7,16.3,16.4,-0.3,145,-1.8
1150402,1447,力鵬,437226.0,2251611,5.15,5.2,5.12,5.12,-0.03,234,-0.58
1150402,1449,佳和,3654631.0,45290178,12.4,12.4,12.2,12.4,1.1,7499,9.73
1150402,1451,年興,171805.0,3124331,18.4,18.4,18.1,18.15,0.05,96,0.28
1150402,1452,宏益,329621.0,4011391,12.6,12.6,11.85,12.0,0.3,330,2.56
1150402,1453,大將,60596.0,741712,12.15,12.45,12.1,12.1,0.05,91,0.41
1150402,1454,台富,18039.0,233570,13.1,13.1,12.9,12.9,-0.15,77,-1.15
1150402,1455,集盛,342752.0,2956242,8.77,8.77,8.53,8.63,-0.09,210,-1.03
1150402,1456,怡華,364320.0,5522210,16.2,16.2,14.2,14.3,-0.65,316,-4.35
1150402,1457,宜進,132050.0,1966203,15.0,15.0,14.8,14.8,-0.2,136,-1.33
1150402,1459,聯發,168881.0,1967901,11.65,11.75,11.6,11.65,-0.05,47,-0.43
1150402,1460,宏遠,456652.0,3254804,7.16,7.17,7.05,7.1,-0.06,184,-0.84
1150402,1463,強盛新,51225.0,914433,17.8,17.95,17.8,17.95,0.0,73,0.0
1150402,1464,得力,164418.0,1713497,10.5,10.5,10.35,10.35,-0.1,874,-0.96
1150402,1465,偉全,48389.0,590298,12.2,12.25,12.15,12.2,-0.05,63,-0.41
1150402,1466,聚隆,231464.0,3813817,16.8,16.85,16.25,16.55,-0.45,165,-2.65
1150402,1467,南緯,44649.0,314431,7.03,7.06,7.02,7.03,0.0,42,0.0
1150402,1468,昶和,41001.0,471661,11.65,11.7,11.4,11.6,-0.2,28,-1.69
1150402,1470,大統新創,9958.0,217061,21.8,22.0,21.6,21.6,-0.7,9,-3.14
1150402,1471,首利,680085.0,8220342,12.2,12.35,11.9,12.25,0.0,463,0.0
1150402,1472,三洋實業,19021.0,1813017,95.7,96.5,94.3,95.9,0.2,28,0.21
1150402,1473,台南,148610.0,3585040,24.7,24.7,23.85,23.85,-0.45,142,-1.85
1150402,1474,弘裕,82147.0,816735,10.0,10.0,9.91,9.92,-0.04,82,-0.4
1150402,1475,業旺,22054.0,629303,28.5,28.85,28.5,28.85,-0.1,26,-0.35
1150402,1476,儒鴻,1970056.0,638969550,331.5,332.0,321.5,322.5,-8.5,2692,-2.57
1150402,1477,聚陽,2905294.0,639715408,228.0,229.5,215.5,219.0,-9.0,3712,-3.95
1150402,1503,士電,1061396.0,192851299,184.5,186.5,179.0,179.0,-3.5,1871,-1.92
1150402,1504,東元,4493695.0,275186755,62.6,62.6,60.6,60.7,-1.6,4576,-2.57
1150402,1506,正道,151154.0,1668226,11.15,11.2,11.0,11.1,-0.1,90,-0.89
1150402,1512,瑞利,87362.0,672257,7.83,7.92,7.53,7.58,-0.24,95,-3.07
1150402,1513,中興電,2855384.0,413978290,147.0,148.0,143.5,144.0,-1.0,3815,-0.69
1150402,1514,亞力,1237336.0,126036916,103.5,104.5,100.5,100.5,-2.5,1688,-2.43
1150402,1515,力山,134432.0,3175974,23.8,23.8,23.55,23.6,-0.25,200,-1.05
1150402,1516,川飛,145719.0,3042038,20.5,21.8,20.35,20.35,0.0,217,0.0
1150402,1517,利奇,251128.0,2796072,11.2,11.3,11.05,11.15,-0.05,175,-0.45
1150402,1519,華城,2208904.0,1786357488,824.0,832.0,797.0,797.0,-15.0,6716,-1.85
1150402,1521,大億,13314.0,326354,24.7,24.7,24.15,24.55,-0.15,28,-0.61
1150402,1522,堤維西,500828.0,15941115,32.4,32.4,31.65,31.65,-0.55,400,-1.71
1150402,1522A,堤維西甲特,1139.0,57391,50.4,50.4,50.4,50.4,0.0,7,0.0
1150402,1524,耿鼎,1136180.0,34524021,31.0,31.05,30.05,30.1,-0.5,839,-1.63
1150402,1525,江申,33142.0,2127596,65.9,65.9,63.1,63.8,-0.7,39,-1.09
1150402,1526,日馳,69691.0,1171202,17.0,17.0,16.65,16.75,-0.1,178,-0.59
1150402,1527,鑽全,178034.0,5816969,32.65,32.95,32.55,32.75,0.15,325,0.46
1150402,1528,恩德,36492422.0,965047818,27.0,27.4,25.25,25.45,-0.65,17376,-2.49
1150402,1529,樂事綠能,941734.0,21727273,23.75,23.8,22.75,22.75,-0.75,697,-3.19
1150402,1530,亞崴,21517.0,575662,26.75,27.0,26.5,26.55,0.25,58,0.95
1150402,1531,高林股,96641.0,1264032,13.3,13.3,12.95,13.05,-0.2,99,-1.51
1150402,1532,勤美,258807.0,5649504,22.0,22.0,21.7,21.7,-0.1,186,-0.46
1150402,1533,車王電,58876.0,1727251,29.6,29.65,29.25,29.3,-0.4,99,-1.35
1150402,1535,中宇,27825.0,1470456,53.0,53.1,52.5,52.6,-0.4,96,-0.75
1150402,1536,和大,2130552.0,102997949,49.85,49.85,47.9,47.95,-1.5,1993,-3.03
1150402,1537,廣隆,39522.0,4896346,124.0,124.5,123.5,124.5,0.5,52,0.4
1150402,1538,正峰,23681.0,300286,12.65,12.8,12.65,12.65,0.0,33,0.0
1150402,1539,巨庭,71000.0,1157100,16.35,16.4,16.2,16.2,-0.35,45,-2.11
1150402,1540,喬福,164385.0,3620891,22.4,22.5,21.85,21.9,-0.5,243,-2.23
1150402,1541,錩泰,36770.0,954712,26.3,26.3,25.6,25.75,-0.55,38,-2.09
1150402,1558,伸興,25328.0,2335487,92.2,92.8,92.0,92.0,-0.7,52,-0.76
1150402,1560,中砂,1998946.0,913266251,460.0,474.5,442.5,443.0,-9.0,3243,-1.99
1150402,1563,巧新,882611.0,36574266,41.9,42.15,41.0,41.6,-0.5,726,-1.19
1150402,1568,倉佑,106844.0,2428500,22.55,22.85,22.55,22.55,0.0,92,0.0
1150402,1582,信錦,21432933.0,2291608257,111.0,112.5,103.0,105.0,-3.0,14144,-2.78
1150402,1583,程泰,9268.0,405710,43.95,43.95,43.55,43.55,-0.3,15,-0.68
1150402,1587,吉茂,643528.0,23487075,37.3,37.7,35.8,36.2,-0.35,440,-0.96
1150402,1589,永冠-KY,8432214.0,46714700,5.54,5.54,5.54,5.54,-0.61,5707,-9.92
1150402,1590,亞德客-KY,780687.0,784752571,1025.0,1040.0,991.0,996.0,-29.0,1017,-2.83
1150402,1597,直得,591917.0,51147235,87.9,87.9,85.6,85.7,-0.8,711,-0.92
1150402,1598,岱宇,298356.0,5873033,19.9,19.9,19.4,19.65,-0.25,225,-1.26
1150402,1603,華電,208229.0,6635686,32.0,32.2,31.75,31.75,-0.35,185,-1.09
1150402,1604,聲寶,233768.0,5955075,25.5,25.55,25.4,25.4,-0.1,449,-0.39
1150402,1605,華新,15067174.0,457247184,31.0,31.2,30.0,30.1,-0.7,8201,-2.27
1150402,1608,華榮,1455182.0,45837488,31.85,32.1,31.2,31.2,-0.6,1076,-1.89
1150402,1609,大亞,2731794.0,89393732,32.9,33.25,32.3,32.35,-0.15,2118,-0.46
1150402,1611,中電,249748.0,3048234,12.3,12.3,12.15,12.2,-0.1,323,-0.81
1150402,1612,宏泰,336459.0,11676591,34.75,35.2,34.55,34.55,-0.2,481,-0.58
1150402,1614,三洋電,113067.0,3564929,31.6,31.7,31.45,31.5,-0.1,44,-0.32
1150402,1615,大山,67262.0,3034174,45.65,46.1,44.8,45.0,-0.85,106,-1.85
1150402,1616,億泰,300902.0,6974319,23.35,23.55,23.05,23.05,-0.25,201,-1.07
1150402,1617,榮星,106160.0,1563067,14.75,14.9,14.6,14.7,-0.05,73,-0.34
1150402,1618,合機,504454.0,19466891,39.15,39.4,38.35,38.4,-0.75,448,-1.92
1150402,1623,大東電,97354.0,17412130,183.0,183.0,177.0,177.5,-4.0,776,-2.2
1150402,1626,艾美特-KY,119208.0,1192552,10.15,10.15,9.96,9.97,-0.18,122,-1.77
1150402,1702,南僑,173304.0,6305215,36.6,36.65,36.15,36.3,-0.3,331,-0.82
1150402,1707,葡萄王,59756.0,7240239,122.0,122.0,120.5,120.5,-2.0,150,-1.63
1150402,1708,東鹼,4447955.0,186415172,41.5,42.65,41.3,41.8,-0.4,3269,-0.95
1150402,1709,和益,433090.0,7745215,18.3,18.3,17.8,17.8,-0.3,493,-1.66
1150402,1710,東聯,8656083.0,124238380,14.7,14.7,14.15,14.2,-0.35,2825,-2.41
1150402,1711,永光,4788601.0,182522205,39.5,39.5,37.5,37.5,-1.45,3512,-3.72
1150402,1712,興農,672805.0,29362149,43.95,44.0,43.4,43.55,-0.55,634,-1.25
1150402,1713,國化,171645.0,7893062,46.65,46.65,45.6,45.7,-1.0,153,-2.14
1150402,1714,和桐,3104418.0,29732279,9.7,9.78,9.51,9.53,-0.17,1253,-1.75
1150402,1717,長興,34562820.0,2175063417,60.8,65.0,60.1,61.9,1.9,20292,3.17
1150402,1718,中纖,5402901.0,39882767,7.53,7.53,7.3,7.37,-0.11,1867,-1.47
1150402,1720,生達,236964.0,15211505,64.5,65.0,63.8,63.9,-0.2,382,-0.31
1150402,1721,三晃,796162.0,13702565,17.55,17.55,17.0,17.3,-0.05,675,-0.29
1150402,1722,台肥,1715230.0,78214189,46.0,46.05,45.4,45.55,-0.55,1493,-1.19
1150402,1723,中碳,3871982.0,329300558,84.7,87.4,83.2,85.2,-1.5,9270,-1.73
1150402,1725,元禎,196413.0,5736569,29.7,29.75,28.9,28.9,-0.8,221,-2.69
1150402,1726,永記,18696.0,1403096,75.0,75.3,75.0,75.0,0.0,40,0.0
1150402,1727,中華化,2631100.0,128166503,49.5,50.0,48.1,48.1,-1.15,1959,-2.34
1150402,1730,花仙子,10338.0,547134,53.0,53.0,52.8,52.8,-0.2,26,-0.38
1150402,1731,美吾華,76116.0,1655680,21.8,21.8,21.7,21.7,-0.05,46,-0.23
1150402,1732,毛寶,59212.0,1554961,26.5,26.5,26.15,26.3,-0.15,338,-0.57
1150402,1733,五鼎,26425.0,783350,29.7,29.8,29.55,29.6,-0.05,40,-0.17
1150402,1734,杏輝,352351.0,11039308,31.6,31.6,31.2,31.3,-0.2,587,-0.63
1150402,1735,日勝化,876899.0,20624657,25.0,25.0,23.0,23.0,-2.5,793,-9.8
1150402,1736,喬山,397070.0,50025323,130.5,131.0,122.5,123.0,-7.5,973,-5.75
1150402,1737,臺鹽,101912.0,3247211,31.95,31.95,31.75,31.8,-0.15,542,-0.47
1150402,1752,南光,52775.0,1887711,35.95,36.0,35.65,35.75,-0.2,51,-0.56
1150402,1760,寶齡富錦,438554.0,28552034,63.8,66.5,63.5,65.5,2.0,525,3.15
1150402,1762,中化生,104319.0,2968360,28.5,28.65,28.35,28.4,-0.3,163,-1.05
1150402,1773,勝一,1632768.0,235318152,141.5,150.0,137.5,145.5,4.0,2485,2.83
1150402,1776,展宇,64101.0,998025,15.75,15.75,15.5,15.55,-0.3,44,-1.89
1150402,1783,和康生,31883.0,1368643,43.15,43.25,42.65,42.7,-0.45,62,-1.04
1150402,1786,科妍,531342.0,31740716,59.2,60.7,59.0,60.7,1.3,450,2.19
1150402,1789,神隆,3275968.0,73538490,22.0,22.8,21.9,22.65,0.95,1909,4.38
1150402,1795,美時,2175589.0,470477588,217.0,219.5,213.5,216.0,2.0,2686,0.93
1150402,1802,台玻,48195258.0,2580478827,54.5,55.6,52.0,52.2,-1.7,31240,-3.15
1150402,1805,寶徠,107095.0,1112981,10.3,10.5,10.3,10.5,0.3,70,2.94
1150402,1806,冠軍,195999.0,1656279,8.59,8.59,8.41,8.43,-0.08,180,-0.94
1150402,1808,潤隆,631781.0,19230504,30.85,30.9,30.2,30.4,-0.45,411,-1.46
1150402,1809,中釉,2116381.0,54059095,26.3,26.65,24.9,25.1,-0.95,1634,-3.65
1150402,1810,和成,432705.0,7387128,17.35,17.45,16.9,16.9,-0.45,279,-2.59
1150402,1817,凱撒衛,19708.0,765960,38.85,38.9,38.8,38.8,0.15,28,0.39
1150402,1903,士紙,635961.0,31021058,49.9,50.2,48.2,48.45,-1.75,585,-3.49
1150402,1904,正隆,2745620.0,51259563,18.8,18.9,18.45,18.8,0.0,1701,0.0
1150402,1905,華紙,10941181.0,164992698,15.2,15.2,15.05,15.05,-1.65,5402,-9.88
1150402,1906,寶隆,1157622.0,14016334,12.4,12.4,11.85,12.05,-0.65,768,-5.12
1150402,1907,永豐餘,1180836.0,30805149,26.3,26.4,25.9,26.0,-0.45,736,-1.7
1150402,1909,榮成,5465473.0,54461104,10.05,10.1,9.85,9.95,-0.2,2205,-1.97
1150402,2002,中鋼,28468476.0,554681251,19.6,19.6,19.35,19.5,0.0,11167,0.0
1150402,2002A,中鋼特,7058.0,274262,38.9,38.9,38.8,38.9,0.0,7,0.0
1150402,2006,東和鋼鐵,2705583.0,187590594,69.3,69.8,68.7,69.3,0.7,2579,1.02
1150402,2007,燁興,173872.0,1405055,8.13,8.14,8.05,8.06,-0.04,100,-0.49
1150402,2008,高興昌,13276.0,359428,27.1,27.2,27.0,27.0,-0.2,13,-0.74
1150402,2009,第一銅,1391460.0,55990014,41.0,41.4,39.9,39.95,-0.9,1795,-2.2
1150402,2010,春源,1211467.0,30166561,25.2,25.3,24.75,24.8,-0.4,760,-1.59
1150402,2012,春雨,27541.0,427477,15.55,15.6,15.5,15.5,-0.2,76,-1.27
1150402,2013,中鋼構,74733.0,3265629,44.1,44.1,43.5,43.7,-0.35,122,-0.79
1150402,2014,中鴻,5182198.0,95381582,18.6,18.7,18.2,18.3,0.0,1865,0.0
1150402,2015,豐興,481905.0,29766095,62.8,62.8,61.5,61.6,-0.5,504,-0.81
1150402,2017,官田鋼,513145.0,5066056,9.95,9.95,9.8,9.86,-0.09,342,-0.9
1150402,2020,美亞,563579.0,13960690,25.05,25.05,24.6,24.85,-0.1,504,-0.4
1150402,2022,聚亨,406709.0,3632539,8.91,9.08,8.88,8.89,-0.11,320,-1.22
1150402,2023,燁輝,808152.0,11721888,14.5,14.6,14.4,14.5,0.05,504,0.35
1150402,2024,志聯,2042.0,29857,14.65,14.65,14.6,14.6,-0.1,44,-0.68
1150402,2025,千興,67808.0,771251,11.55,11.55,11.3,11.3,-0.1,315,-0.88
1150402,2027,大成鋼,61239163.0,2324667769,37.3,38.75,37.05,38.4,1.45,24937,3.92
1150402,2028,威致,64484.0,1172765,18.45,18.45,18.1,18.15,-0.15,64,-0.82
1150402,2029,盛餘,77881.0,1588823,20.55,20.65,20.35,20.35,-0.3,72,-1.45
1150402,2030,彰源,500975.0,8055422,16.05,16.25,15.9,16.15,0.15,367,0.94
1150402,2031,新光鋼,432939.0,17358571,40.3,40.3,39.9,40.1,0.2,398,0.5
1150402,2032,新鋼,679037.0,11390588,16.5,17.0,16.4,16.9,0.4,390,2.42
1150402,2033,佳大,40000.0,629650,15.7,15.8,15.7,15.75,0.0,23,0.0
1150402,2034,允強,618647.0,12569119,20.55,20.55,20.2,20.25,-0.05,330,-0.25
1150402,2038,海光,376486.0,5855590,15.6,15.8,15.4,15.55,0.05,311,0.32
1150402,2049,上銀,3022689.0,693831437,237.5,237.5,225.5,228.0,-5.5,3792,-2.36
1150402,2059,川湖,520393.0,1788638950,3500.0,3560.0,3340.0,3345.0,-110.0,2894,-3.18
1150402,2062,橋椿,88359.0,1805016,20.8,20.8,20.25,20.4,-0.2,82,-0.97
1150402,2069,運錩,218404.0,4034045,18.55,18.55,18.35,18.45,-0.1,127,-0.54
1150402,2072,世紀風電,1143983.0,200418232,183.0,184.0,170.0,170.5,-12.5,1435,-6.83
1150402,2101,南港,4315616.0,161511390,36.25,38.35,36.2,37.75,1.8,2893,5.01
1150402,2102,泰豐,637152.0,12858614,20.05,20.35,19.85,20.2,0.2,424,1.0
1150402,2103,台橡,5299329.0,100946141,19.15,19.3,18.85,19.05,-0.35,2030,-1.8
1150402,2104,國際中橡,2397150.0,29274200,12.35,12.4,12.05,12.25,0.0,1070,0.0
1150402,2105,正新,8991675.0,284509380,31.9,31.9,31.5,31.55,-0.2,4169,-0.63
1150402,2106,建大,895594.0,16712901,18.7,18.85,18.4,18.7,0.1,533,0.54
1150402,2107,厚生,175583.0,4487309,25.75,25.75,25.3,25.4,0.05,291,0.2
1150402,2108,南帝,871100.0,22209119,25.9,25.9,25.3,25.6,-0.3,666,-1.16
1150402,2109,華豐,84912.0,1239961,14.6,14.65,14.55,14.65,-0.05,95,-0.34
1150402,2114,鑫永銓,26397.0,2321712,87.9,88.5,87.7,87.8,-0.1,42,-0.11
1150402,2115,六暉-KY,79687.0,1712843,21.5,21.6,21.45,21.45,-0.2,71,-0.92
1150402,2201,裕隆,2846269.0,77725726,27.85,27.9,27.15,27.2,-0.5,1432,-1.81
1150402,2204,中華,1212954.0,67379636,56.6,56.8,55.0,55.4,-1.1,1296,-1.95
1150402,2206,三陽工業,1186698.0,71343812,59.4,60.4,59.4,60.0,0.7,867,1.18
1150402,2207,和泰車,252342.0,123489472,495.0,496.0,485.5,485.5,-6.0,519,-1.22
1150402,2208,台船,3024717.0,61377660,20.5,20.65,20.1,20.2,-0.2,1597,-0.98
1150402,2211,長榮鋼,478358.0,47361909,100.0,100.0,98.5,99.0,-1.0,1274,-1.0
1150402,2227,裕日車,19513.0,972549,49.8,50.3,49.6,49.6,0.15,56,0.3
1150402,2228,劍麟,98166.0,8557554,88.6,88.8,86.6,86.6,-1.3,199,-1.48
1150402,2231,為升,1381647.0,157985272,119.0,119.5,111.0,112.0,-9.0,1384,-7.44
1150402,2233,宇隆,538546.0,120444869,227.0,232.0,218.5,218.5,-7.0,992,-3.1
1150402,2236,百達-KY,262442.0,29093161,114.0,114.0,110.0,112.0,0.0,188,0.0
1150402,2239,英利-KY,72304.0,1688908,23.95,23.95,23.1,23.1,-0.75,68,-3.14
1150402,2241,艾姆勒,220308.0,6265150,29.0,29.0,28.2,28.2,-0.8,287,-2.76
1150402,2243,宏旭-KY,1966559.0,40449797,22.05,22.05,19.85,19.9,-2.15,906,-9.75
1150402,2247,汎德永業,35055.0,8256453,241.5,241.5,234.5,235.0,-1.0,452,-0.42
1150402,2248,華勝-KY,48029.0,2324051,48.5,48.5,48.1,48.1,-0.55,32,-1.13
1150402,2250,IKKA-KY,93161.0,5613500,60.8,60.8,60.0,60.6,-0.2,147,-0.33
1150402,2254,巨鎧精密-創,17416.0,1211392,69.8,69.8,68.7,68.7,-1.4,11,-2.0
1150402,2258,鴻華先進-創,636142.0,17452184,27.3,27.9,27.1,27.3,0.0,408,0.0
1150402,2301,光寶科,11205949.0,1623886102,148.5,148.5,142.5,145.0,-2.5,8505,-1.69
1150402,2302,麗正,243354.0,4282619,17.85,17.95,17.4,17.4,-0.3,197,-1.69
1150402,2303,聯電,113154703.0,6104661492,57.5,57.8,52.8,53.6,-3.8,56269,-6.62
1150402,2305,全友,4515083.0,72903635,15.9,16.85,15.5,16.2,0.3,2261,1.89
1150402,2308,台達電,9953601.0,14489054481,1480.0,1510.0,1420.0,1430.0,-45.0,28742,-3.05
1150402,2312,金寶,7813091.0,172313180,22.35,22.5,21.85,21.85,-0.3,3598,-1.35
1150402,2313,華通,119229438.0,32442493219,270.0,285.0,260.0,260.0,-6.0,99119,-2.26
1150402,2314,台揚,1101672.0,18673218,16.95,16.95,16.95,16.95,-1.85,648,-9.84
1150402,2316,楠梓電,3115841.0,311783910,100.5,102.5,98.6,99.6,0.1,3056,0.1
1150402,2317,鴻海,41954568.0,8143562865,198.0,199.0,191.5,193.0,-4.0,41669,-2.03
1150402,2321,東訊,579.0,7951,,,,,0.0,8,
1150402,2323,中環,3368748.0,37033093,11.15,11.2,10.9,10.9,-0.15,1311,-1.36
1150402,2324,仁寶,20383786.0,556066152,27.75,27.75,27.0,27.4,-0.05,11387,-0.18
1150402,2327,國巨*,13724318.0,3409279741,256.0,257.0,245.0,246.0,-5.5,17371,-2.19
1150402,2328,廣宇,4067168.0,182358911,46.0,46.0,44.15,44.4,-0.6,2780,-1.33
1150402,2329,華泰,9087664.0,463674396,51.0,52.7,50.1,50.3,-0.2,5435,-0.4
1150402,2330,台積電,29332490.0,53540295381,1865.0,1865.0,1805.0,1810.0,-45.0,189628,-2.43
1150402,2331,精英,1491175.0,31877369,21.5,21.8,21.05,21.05,-0.4,896,-1.86
1150402,2332,友訊,3178793.0,48262249,15.35,15.45,15.0,15.15,-0.2,1294,-1.3
1150402,2337,旺宏,26764501.0,3506453763,138.0,138.0,127.0,129.0,2.0,11244,1.57
1150402,2338,光罩,3325922.0,146119253,43.75,44.95,43.0,43.25,-0.2,2658,-0.46
1150402,2340,台亞,1894852.0,48221966,25.55,25.8,25.0,25.7,0.4,1367,1.58
1150402,2342,茂矽,872701.0,24697083,29.0,29.1,28.0,28.0,-0.8,810,-2.78
1150402,2344,華邦電,183485734.0,17299197617,96.0,97.6,91.8,91.8,-1.3,99525,-1.4
1150402,2345,智邦,3328016.0,5422781290,1670.0,1685.0,1580.0,1590.0,-70.0,7468,-4.22
1150402,2347,聯強,3969321.0,308882286,78.0,78.8,77.3,77.4,-0.1,2560,-0.13
1150402,2348,海悅,515406.0,41265890,79.8,81.3,78.4,80.0,0.7,570,0.88
1150402,2348A,海悅甲特,39.0,1483,,,,,0.0,1,
1150402,2349,錸德,2363556.0,30810450,13.1,13.4,12.95,12.95,-0.15,1110,-1.15
1150402,2351,順德,6428329.0,659821560,103.5,107.0,98.8,99.6,-3.9,4741,-3.77
1150402,2352,佳世達,3193024.0,74812554,23.35,23.7,23.2,23.3,0.0,1881,0.0
1150402,2353,宏碁,10632218.0,288687155,27.45,27.55,27.05,27.05,-0.25,5282,-0.92
1150402,2354,鴻準,2455708.0,127069420,52.8,52.9,51.3,51.4,-1.1,2239,-2.1
1150402,2355,敬鵬,45630045.0,2428472794,53.3,55.8,51.4,51.7,-1.1,27492,-2.08
1150402,2356,英業達,8198672.0,335144737,41.1,41.4,40.6,40.85,-0.25,5973,-0.61
1150402,2357,華碩,3384391.0,1880675804,570.0,570.0,551.0,555.0,-12.0,6056,-2.12
1150402,2359,所羅門,562704.0,61228503,111.0,111.5,107.0,107.5,-3.5,1444,-3.15
1150402,2360,致茂,5962929.0,9425242887,1620.0,1695.0,1520.0,1535.0,-75.0,8244,-4.66
1150402,2362,藍天,327739.0,12279695,38.1,38.1,37.3,37.6,-0.15,304,-0.4
1150402,2363,矽統,2486682.0,116596978,48.2,48.55,46.3,46.3,-1.35,2606,-2.83
1150402,2364,倫飛,873961.0,57195556,62.0,66.2,62.0,66.2,6.0,903,9.97
1150402,2365,昆盈,1077586.0,33116715,31.6,31.6,30.5,30.5,-0.7,1196,-2.24
1150402,2367,燿華,124332184.0,9229532565,75.4,77.7,70.7,71.5,-3.0,90099,-4.03
1150402,2368,金像電,10146068.0,9468613609,977.0,980.0,900.0,905.0,-41.0,18571,-4.33
1150402,2369,菱生,18483400.0,552746331,30.8,31.2,28.95,29.0,-1.25,10044,-4.13
1150402,2371,大同,13528101.0,424418600,31.1,32.0,30.85,31.55,0.6,5692,1.94
1150402,2373,震旦行,16747.0,942511,56.7,56.8,56.0,56.0,-0.4,81,-0.71
1150402,2374,佳能,2713208.0,181501000,68.8,69.0,66.2,66.5,-1.4,2811,-2.06
1150402,2375,凱美,849051.0,62949631,76.8,77.4,72.5,72.6,-3.5,1021,-4.6
1150402,2376,技嘉,3071639.0,702100878,233.5,233.5,227.0,228.0,-4.0,3450,-1.72
1150402,2377,微星,3484978.0,306345750,89.2,89.6,87.0,87.2,-0.9,3489,-1.02
1150402,2379,瑞昱,2417055.0,1180471417,488.0,493.0,484.5,488.0,3.5,2971,0.72
1150402,2380,虹光,1006183.0,5374241,5.71,5.71,5.28,5.3,-0.56,583,-9.56
1150402,2382,廣達,11221762.0,3212312387,290.5,291.5,284.5,284.5,-6.0,15770,-2.07
1150402,2383,台光電,4147382.0,11863395991,2920.0,2965.0,2775.0,2785.0,-75.0,12418,-2.62
1150402,2385,群光,3609710.0,436769907,121.5,122.5,120.0,121.0,1.0,1941,0.83
1150402,2387,精元,732519.0,28996104,40.05,40.3,39.25,39.5,-0.45,612,-1.13
1150402,2388,威盛,2252991.0,116556660,52.5,52.8,51.4,51.4,-1.1,1920,-2.1
1150402,2390,云辰,343230.0,3475508,10.2,10.2,10.05,10.1,0.0,398,0.0
1150402,2392,正崴,4764775.0,161763024,34.4,34.8,33.4,34.0,-1.7,3992,-4.76
1150402,2393,億光,2083495.0,142429707,68.1,68.8,67.7,68.7,0.8,1744,1.18
1150402,2395,研華,2038229.0,658237357,334.0,334.0,317.0,323.5,-7.5,3029,-2.27
1150402,2397,友通,72366.0,3883526,54.3,54.5,53.4,53.5,-0.7,69,-1.29
1150402,2399,映泰,7527622.0,250986761,32.85,33.85,32.6,33.8,1.95,4427,6.12
1150402,2401,凌陽,1630716.0,32213701,20.05,20.1,19.6,19.6,-0.3,1334,-1.51
1150402,2402,毅嘉,22058938.0,1181895174,52.7,56.0,52.0,52.8,1.2,11572,2.33
1150402,2404,漢唐,2650770.0,2206771844,846.0,851.0,824.0,829.0,-5.0,6778,-0.6
1150402,2405,輔信,1178078.0,17993825,15.5,15.65,15.1,15.2,-0.2,787,-1.3
1150402,2406,國碩,11378784.0,358763856,32.55,33.05,30.7,30.8,-1.7,6737,-5.23
1150402,2408,南亞科,119851725.0,24895331475,217.0,219.0,200.0,200.5,-10.5,81491,-4.98
1150402,2409,友達,700945979.0,11824969601,16.5,17.4,16.4,16.85,0.9,136320,5.64
1150402,2412,中華電,7496636.0,1003897223,134.5,134.5,133.5,134.0,0.0,4188,0.0
1150402,2413,環科,2742065.0,136372303,50.0,51.7,48.55,48.55,-1.55,2263,-3.09
1150402,2414,精技,85965.0,3696261,43.15,43.35,42.9,42.9,-0.15,87,-0.35
1150402,2415,錩新,223126.0,6679390,30.05,30.3,29.55,29.95,-0.15,116,-0.5
1150402,2417,圓剛,174722.0,5970798,35.4,35.4,33.85,34.2,-0.2,678,-0.58
1150402,2419,仲琦,26261332.0,914569227,35.65,36.9,32.7,32.85,-2.3,15626,-6.54
1150402,2420,新巨,65661.0,3353182,51.3,51.5,50.7,50.7,-0.6,170,-1.17
1150402,2421,建準,3677481.0,458090238,128.0,129.5,122.5,122.5,-5.5,4070,-4.3
1150402,2423,固緯,18517.0,876050,47.45,47.45,47.1,47.45,0.0,33,0.0
1150402,2424,隴華,75588.0,1904155,25.5,25.65,24.8,25.5,-0.1,52,-0.39
1150402,2425,承啟,240897.0,6341517,26.85,27.0,26.0,26.0,-0.65,302,-2.44
1150402,2426,鼎元,11959044.0,458031226,38.3,38.3,38.3,38.3,3.45,3701,9.9
1150402,2427,三商電,238207.0,5536229,23.3,23.45,23.1,23.2,0.05,210,0.22
1150402,2428,興勤,455408.0,68781228,156.0,156.0,149.5,150.0,-5.5,1013,-3.54
1150402,2429,銘旺科,209521.0,8266249,41.0,41.0,38.9,39.05,-1.4,533,-3.46
1150402,2430,燦坤,23753.0,516367,21.8,21.8,21.7,21.75,0.05,43,0.23
1150402,2431,聯昌,426112.0,5008017,12.05,12.05,11.65,11.65,-0.25,308,-2.1
1150402,2432,倚天酷碁-創,12656.0,336786,26.65,26.65,26.55,26.55,-0.45,12,-1.67
1150402,2433,互盛電,16050.0,731302,45.95,45.95,45.5,45.5,-0.1,25,-0.22
1150402,2434,統懋,8088.0,235652,29.1,29.35,29.0,29.25,0.1,20,0.34
1150402,2436,偉詮電,2187231.0,131542704,61.5,62.0,58.9,59.6,-1.5,2271,-2.45
1150402,2438,翔耀,116514.0,2668184,23.5,23.55,22.45,22.5,-1.0,238,-4.26
1150402,2439,美律,732968.0,61888766,85.5,86.0,83.7,83.8,-1.5,1656,-1.76
1150402,2440,太空梭,158126.0,2232464,14.15,14.25,13.95,14.15,0.0,103,0.0
1150402,2441,超豐,2934532.0,254112043,88.8,89.9,84.8,85.0,-3.4,3252,-3.85
1150402,2442,新美齊,1149975.0,23732575,20.95,21.0,20.4,20.5,-0.35,728,-1.68
1150402,2444,兆勁,278815.0,3440053,12.35,12.5,12.2,12.3,0.0,181,0.0
1150402,2449,京元電子,28958269.0,7663602719,284.0,284.0,255.5,259.0,-21.5,47504,-7.66
1150402,2450,神腦,33151.0,964385,29.15,29.25,29.05,29.05,-0.15,87,-0.51
1150402,2451,創見,2313392.0,543012707,238.0,238.0,232.0,233.0,3.0,2776,1.3
1150402,2453,凌群,189095.0,9881945,53.1,53.1,52.0,52.0,-0.9,485,-1.7
1150402,2454,聯發科,9301597.0,13658631065,1500.0,1510.0,1445.0,1465.0,0.0,37849,0.0
1150402,2455,全新,30358649.0,8120053688,267.0,276.5,258.0,259.0,-4.5,31341,-1.71
1150402,2457,飛宏,2131605.0,51682432,24.8,25.1,23.9,23.9,-0.85,1775,-3.43
1150402,2458,義隆,2390195.0,297435250,127.0,127.0,123.0,123.5,-4.0,2229,-3.14
1150402,2459,敦吉,45467.0,2952445,65.1,65.1,64.8,64.8,-0.3,71,-0.46
1150402,2460,建通,264044.0,6639879,26.45,26.45,24.75,25.1,-0.4,316,-1.57
1150402,2461,光群雷,587231.0,10536957,17.85,18.15,17.7,18.0,0.0,400,0.0
1150402,2462,良得電,143640.0,3114858,22.05,22.05,21.55,21.65,-0.2,158,-0.92
1150402,2464,盟立,1893976.0,127440849,68.2,69.2,66.2,66.5,-1.6,1914,-2.35
1150402,2465,麗臺,233282.0,12122349,52.3,52.7,51.5,52.2,-0.1,262,-0.19
1150402,2466,冠西電,559020.0,27439977,47.55,50.5,47.0,49.45,2.65,466,5.66
1150402,2467,志聖,3889134.0,1562689763,401.0,414.5,390.0,392.0,-6.5,4818,-1.63
1150402,2468,華經,248620.0,8455599,34.5,34.9,33.65,33.65,-1.0,241,-2.89
1150402,2471,資通,123957.0,6333339,52.0,52.0,50.6,50.6,-1.3,408,-2.5
1150402,2472,立隆電,5036739.0,671541860,135.5,137.0,130.0,131.5,-1.5,4842,-1.13
1150402,2474,可成,1827410.0,348123828,190.5,192.5,189.5,190.5,1.0,1527,0.53
1150402,2476,鉅祥,890519.0,75316611,84.0,86.9,83.2,83.9,-0.5,1141,-0.59
1150402,2477,美隆電,138732.0,3336489,24.2,24.3,23.85,24.0,0.1,99,0.42
1150402,2478,大毅,884326.0,51697907,60.0,60.1,57.5,57.5,-1.7,1021,-2.87
1150402,2480,敦陽科,114384.0,16043056,141.0,142.0,139.0,139.0,0.0,282,0.0
1150402,2481,強茂,36748757.0,3489611031,90.6,96.9,90.6,95.1,6.5,26508,7.34
1150402,2482,連宇,143953.0,2414214,16.9,16.9,16.65,16.7,-0.1,596,-0.6
1150402,2483,百容,64445.0,1332729,20.9,21.15,20.55,20.8,-0.05,54,-0.24
1150402,2484,希華,9183197.0,283623977,32.0,32.5,29.75,30.35,-0.9,6765,-2.88
1150402,2485,兆赫,7191648.0,569872059,81.4,81.4,78.0,78.5,-3.0,7333,-3.68
1150402,2486,一詮,1726082.0,254439891,149.0,149.0,142.5,149.0,4.0,1206,2.76
1150402,2488,漢平,298188.0,14706265,49.3,49.9,49.0,49.2,0.3,308,0.61
1150402,2489,瑞軒,50918405.0,1682462352,33.65,34.7,31.8,32.2,-1.2,23915,-3.59
1150402,2491,吉祥全,147992.0,2222548,15.4,15.4,14.9,14.9,-0.35,112,-2.3
1150402,2492,華新科,6454502.0,752905749,120.0,120.5,114.0,114.0,-4.0,4850,-3.39
1150402,2493,揚博,772190.0,81661376,110.5,110.5,103.0,103.5,-5.5,1091,-5.05
1150402,2495,普安,5657426.0,184194881,34.1,34.4,31.75,32.0,-2.2,4136,-6.43
1150402,2496,卓越,6564.0,430532,66.3,66.3,65.2,65.7,0.1,15,0.15
1150402,2497,怡利電,1862350.0,95853832,50.2,53.5,49.5,52.1,1.9,1781,3.78
1150402,2498,宏達電,4438175.0,176411462,40.4,40.6,39.4,39.4,-0.7,3079,-1.75
1150402,2501,國建,3035699.0,67811847,22.8,22.8,22.15,22.3,-0.3,1087,-1.33
1150402,2504,國產,1877622.0,67012689,36.0,36.2,35.55,35.65,-0.25,1149,-0.7
1150402,2505,國揚,133152.0,2570350,19.5,19.7,19.2,19.2,-0.35,114,-1.79
1150402,2506,太設,85622.0,762017,9.01,9.01,8.86,8.9,-0.09,62,-1.0
1150402,2509,全坤建,66793.0,953122,14.3,14.35,14.2,14.25,-0.1,60,-0.7
1150402,2511,太子,971037.0,7826551,8.13,8.13,8.04,8.05,-0.06,314,-0.74
1150402,2514,龍邦,97873.0,1317588,13.55,13.55,13.4,13.45,-0.15,94,-1.1
1150402,2515,中工,5868442.0,77629690,13.55,13.55,13.0,13.15,-0.25,1789,-1.87
1150402,2516,新建,404930.0,5325197,13.6,13.65,12.95,13.1,-0.45,386,-3.32
1150402,2520,冠德,1110032.0,35506438,32.25,32.5,31.65,31.95,-0.05,956,-0.16
1150402,2524,京城,41310.0,1579291,38.4,38.5,38.05,38.1,-0.65,50,-1.68
1150402,2527,宏璟,154630.0,4615967,30.3,30.4,29.55,29.6,-0.6,164,-1.99
1150402,2528,皇普,615638.0,15048053,24.65,25.0,24.0,25.0,0.35,376,1.42
1150402,2530,華建,1146927.0,27810893,25.05,25.05,23.95,24.05,-0.85,784,-3.41
1150402,2534,宏盛,236637.0,4660056,19.8,19.9,19.65,19.75,-0.05,247,-0.25
1150402,2535,達欣工,779818.0,55126996,71.1,71.2,70.2,70.7,-0.2,1188,-0.28
1150402,2536,宏普,87153.0,1938432,22.4,22.4,22.15,22.15,-0.25,75,-1.12
1150402,2537,聯上發,408969.0,4212755,10.45,10.45,10.2,10.35,-0.05,213,-0.48
1150402,2538,基泰,221632.0,2239546,10.2,10.2,10.0,10.0,-0.05,112,-0.5
1150402,2539,櫻花建,479018.0,22832922,48.0,48.15,47.5,47.55,-0.35,571,-0.73
1150402,2540,愛山林,563758.0,27278442,49.0,49.1,47.9,48.25,-0.55,413,-1.13
1150402,2542,興富發,2141099.0,75234241,35.55,35.55,34.95,35.0,-0.4,2021,-1.13
1150402,2543,皇昌,1585715.0,92073265,58.2,59.2,57.4,57.4,-0.6,1412,-1.03
1150402,2545,皇翔,190837.0,6825143,35.9,36.05,35.5,35.85,0.1,179,0.28
1150402,2546,根基,125313.0,10031829,80.0,80.5,79.4,80.0,0.0,194,0.0
1150402,2547,日勝生,1811147.0,19127277,10.6,10.65,10.5,10.55,0.0,565,0.0
1150402,2548,華固,1879537.0,227320669,123.0,123.0,119.5,122.0,-1.0,1395,-0.81
1150402,2597,潤弘,259226.0,39578044,152.5,154.0,151.5,152.5,0.5,328,0.33
1150402,2601,益航,800853.0,4764474,6.06,6.06,5.9,5.91,-0.07,546,-1.17
1150402,2603,長榮,6011232.0,1218056499,204.0,204.5,201.0,202.5,-2.0,5992,-0.98
1150402,2605,新興,11396835.0,475991779,42.0,42.2,41.1,41.3,0.3,6314,0.73
1150402,2606,裕民,2328596.0,137329124,60.0,60.0,58.5,58.6,-0.9,2706,-1.51
1150402,2607,榮運,252981.0,13042497,52.0,52.1,51.4,51.5,-0.5,241,-0.96
1150402,2608,嘉里大榮,113936.0,3525803,31.25,31.25,30.85,30.9,-0.05,127,-0.16
1150402,2609,陽明,11338274.0,591955939,52.8,52.9,51.8,52.1,-0.6,7021,-1.14
1150402,2610,華航,27696971.0,510419525,18.35,18.65,18.2,18.2,-0.2,6975,-1.09
1150402,2611,志信,214179.0,2979128,13.95,14.0,13.85,13.85,-0.1,393,-0.72
1150402,2612,中航,244880.0,13237997,55.0,55.0,53.5,53.8,-0.8,297,-1.47
1150402,2613,中櫃,258445.0,5992477,23.45,23.45,23.05,23.15,-0.3,211,-1.28
1150402,2614,東森,841041.0,17536277,21.0,21.3,20.45,20.45,-0.4,641,-1.92
1150402,2615,萬海,6662549.0,522519004,79.5,79.5,77.8,78.0,-1.8,5803,-2.26
1150402,2616,山隆,1371005.0,22441813,16.35,16.65,16.15,16.25,-0.55,1786,-3.27
1150402,2617,台航,336552.0,10178419,30.55,30.65,30.05,30.2,-0.3,201,-0.98
1150402,2618,長榮航,13482779.0,472336631,35.3,35.4,34.85,34.95,-0.05,6649,-0.14
1150402,2630,亞航,719256.0,33858985,47.8,48.4,46.55,46.55,-1.15,621,-2.41
1150402,2633,台灣高鐵,4346180.0,115700905,26.9,26.9,26.5,26.6,-0.2,1718,-0.75
1150402,2634,漢翔,2807931.0,131711166,47.5,47.55,46.6,46.7,-0.35,2378,-0.74
1150402,2636,台驊控股,207568.0,14271007,68.5,69.0,68.5,68.9,-0.3,421,-0.43
1150402,2637,慧洋-KY,1283169.0,87630807,69.8,69.8,67.8,67.9,-1.2,1720,-1.74
1150402,2642,宅配通,39380.0,912441,23.3,23.45,23.0,23.1,-0.15,114,-0.65
1150402,2645,長榮航太,735783.0,108293632,149.0,151.0,145.0,146.5,-2.0,1311,-1.35
1150402,2646,星宇航空,2920206.0,61773096,21.15,21.35,21.0,21.0,-0.1,1962,-0.47
1150402,2701,萬企,61874.0,661417,10.8,10.8,10.65,10.65,-0.15,43,-1.39
1150402,2702,華園,220280.0,2751714,12.45,12.8,12.2,12.8,0.2,173,1.59
1150402,2704,國賓,49215.0,2086679,42.95,42.95,42.15,42.3,-0.25,52,-0.59
1150402,2705,六福,115773.0,1921433,16.65,16.65,16.55,16.55,-0.1,167,-0.6
1150402,2706,第一店,41119.0,509175,12.5,12.5,12.3,12.3,-0.2,75,-1.6
1150402,2707,晶華,269210.0,50719961,187.5,189.5,186.5,188.5,1.5,420,0.8
1150402,2712,遠雄來,13001.0,189115,14.6,14.6,14.45,14.5,-0.15,11,-1.02
1150402,2722,夏都,95618.0,2239635,23.4,23.7,23.05,23.5,0.55,97,2.4
1150402,2723,美食-KY,112220.0,7779426,70.0,70.0,69.0,69.2,-0.8,136,-1.14
1150402,2727,王品,264126.0,60368207,231.5,231.5,227.0,227.5,-4.0,1547,-1.73
1150402,2731,雄獅,373439.0,59900597,163.0,163.0,159.0,159.5,-1.5,597,-0.93
1150402,2739,寒舍,42245.0,1443516,34.2,34.3,34.0,34.1,0.0,33,0.0
1150402,2748,雲品,81385.0,3254791,40.2,40.2,39.7,39.8,0.1,90,0.25
1150402,2753,八方雲集,77403.0,13922209,182.0,182.0,179.5,179.5,-1.0,227,-0.55
1150402,2762,世界健身-KY,25896.0,1867510,73.0,73.0,71.6,71.6,-0.7,66,-0.97
1150402,2801,彰銀,10998627.0,226128707,20.75,20.75,20.5,20.5,-0.2,3351,-0.97
1150402,2812,台中銀,6542119.0,135877699,20.85,20.9,20.7,20.75,0.0,2198,0.0
1150402,2816,旺旺保,107525.0,3295930,30.9,30.9,30.55,30.55,-0.4,80,-1.29
1150402,2820,華票,606428.0,10196940,16.9,16.9,16.75,16.75,-0.05,408,-0.3
1150402,2832,台產,99226.0,4660442,47.35,47.35,46.7,46.7,-0.7,214,-1.48
1150402,2834,臺企銀,17179638.0,261622566,15.25,15.3,15.15,15.25,0.05,5075,0.33
1150402,2836,高雄銀,590700.0,7154540,12.15,12.15,12.1,12.15,0.05,318,0.41
1150402,2836A,高雄銀甲特,33060.0,810267,24.5,24.55,24.5,24.55,0.05,13,0.2
1150402,2838,聯邦銀,773032.0,16110515,20.9,21.0,20.7,20.75,-0.15,468,-0.72
1150402,2838A,聯邦銀甲特,176166.0,9668457,54.6,55.0,54.6,54.6,0.1,27,0.18
1150402,2845,遠東銀,3391557.0,42529846,12.55,12.6,12.5,12.55,0.0,1072,0.0
1150402,2849,安泰銀,100135.0,1315017,13.4,13.4,13.05,13.05,-0.35,152,-2.61
1150402,2850,新產,169872.0,19899734,117.5,118.0,116.5,118.0,0.5,156,0.43
1150402,2851,中再保,1618626.0,49464752,30.85,30.9,30.35,30.4,-0.45,961,-1.46
1150402,2852,第一保,119584.0,3090073,25.95,26.0,25.8,25.85,-0.1,95,-0.39
1150402,2855,統一證,3192331.0,102520629,32.6,32.7,31.85,31.95,-0.6,2309,-1.84
1150402,2867,三商壽,4334488.0,33397291,7.76,7.78,7.67,7.69,-0.04,1284,-0.52
1150402,2880,華南金,14929354.0,507456472,33.7,34.35,33.7,33.85,0.15,8045,0.45
1150402,2881,富邦金,10713620.0,945215174,88.1,88.4,87.2,87.8,0.0,5936,0.0
1150402,2881A,富邦特,26784.0,1714090,63.9,64.1,63.9,64.1,0.1,26,0.16
1150402,2881B,富邦金乙特,124628.0,7781825,62.4,62.5,62.3,62.5,0.1,38,0.16
1150402,2881C,富邦金丙特,440672.0,22739714,51.7,51.8,51.6,51.6,0.0,109,0.0
1150402,2882,國泰金,18054289.0,1291020598,72.1,72.3,71.1,71.8,-0.1,5929,-0.14
1150402,2882A,國泰特,97011.0,6019780,62.0,62.2,62.0,62.2,0.1,15,0.16
1150402,2882B,國泰金乙特,458906.0,27921804,60.7,60.9,60.7,60.9,0.1,100,0.16
1150402,2883,凱基金,26251551.0,522727407,19.9,20.05,19.85,19.9,0.1,6886,0.51
1150402,2883B,凱基金乙特,4310317.0,35745966,8.23,8.33,8.23,8.32,0.08,665,0.97
1150402,2884,玉山金,20530689.0,661934953,32.45,32.6,32.1,32.15,-0.15,9053,-0.46
1150402,2885,元大金,27597587.0,1272904412,47.05,47.1,45.8,45.85,-1.25,16100,-2.65
1150402,2886,兆豐金,21454526.0,838044031,39.1,39.3,38.7,39.25,0.3,10422,0.77
1150402,2887,台新新光金,220483780.0,5376330239,24.4,24.75,24.25,24.35,0.3,13812,1.25
1150402,2887E,台新新光戊特一,206625.0,10477846,50.6,50.8,50.6,50.8,0.1,52,0.2
1150402,2887F,台新新光戊特二,8000.0,379300,47.45,47.45,47.4,47.45,0.05,6,0.11
1150402,2887G,台新新光庚特一,253015.0,10578023,41.75,41.9,41.7,41.8,0.05,56,0.12
1150402,2887H,台新新光庚特二,207339.0,8371297,40.35,40.5,40.3,40.5,0.2,101,0.5
1150402,2887I,台新新光辛特,4191844.0,39383581,9.37,9.41,9.37,9.41,0.04,543,0.43
1150402,2887Z1,台新新光己特,62968.0,1108136,17.6,17.6,17.6,17.6,0.0,29,0.0
1150402,2889,國票金,1997451.0,29963818,15.0,15.15,14.95,14.95,-0.05,1200,-0.33
1150402,2890,永豐金,17840091.0,567162706,31.8,32.0,31.6,31.8,0.1,8288,0.32
1150402,2891,中信金,50959018.0,2758096996,55.0,55.0,53.6,54.5,0.8,14798,1.49
1150402,2891B,中信金乙特,36188.0,2316811,64.0,64.2,64.0,64.2,0.0,14,0.0
1150402,2891C,中信金丙特,299669.0,18394176,61.3,61.5,61.3,61.5,0.5,114,0.82
1150402,2892,第一金,17820415.0,506506464,28.45,28.6,28.3,28.4,-0.05,5109,-0.18
1150402,2897,王道銀行,2992084.0,30159955,10.1,10.15,10.0,10.05,0.0,751,0.0
1150402,2897B,王道銀乙特,27696.0,329831,11.95,11.95,11.9,11.9,0.0,17,0.0
1150402,2901,欣欣,29070.0,677863,23.35,23.4,23.2,23.3,-0.05,111,-0.21
1150402,2903,遠百,1450060.0,33483720,22.95,23.3,22.9,23.0,0.05,534,0.22
1150402,2904,匯僑,4117.0,68957,16.7,16.9,16.7,16.7,0.0,15,0.0
1150402,2905,三商,310824.0,4498396,14.55,14.6,14.35,14.4,-0.15,229,-1.03
1150402,2906,高林,46063.0,596295,12.95,13.1,12.9,13.0,-0.05,66,-0.38
1150402,2908,特力,131106.0,2623820,20.05,20.1,19.95,20.0,-0.1,59,-0.5
1150402,2910,統領,11001.0,232471,21.4,21.4,20.95,21.05,-0.15,12,-0.71
1150402,2911,麗嬰房,62160.0,316010,5.1,5.2,5.07,5.07,-0.06,156,-1.17
1150402,2912,統一超,2801552.0,639501539,226.5,230.0,225.5,227.0,1.5,3816,0.67
1150402,2913,農林,843164.0,10338837,12.35,12.35,12.2,12.25,-0.05,839,-0.41
1150402,2915,潤泰全,1105824.0,53101684,48.2,48.45,47.7,47.9,-0.3,844,-0.62
1150402,2923,鼎固-KY,78705.0,1372877,18.15,18.15,17.2,17.2,-0.45,177,-2.55
1150402,2929,淘帝-KY,267133.0,1644827,6.16,6.2,6.1,6.17,-0.03,208,-0.48
1150402,2939,永邑-KY,5105.0,133331,26.25,26.25,25.9,26.15,0.15,75,0.58
1150402,2945,三商家購,11843.0,486561,41.1,41.15,40.6,40.6,0.55,19,1.37
1150402,3002,歐格,129291.0,2386708,18.65,18.75,18.2,18.2,-0.4,133,-2.15
1150402,3003,健和興,200912.0,9994478,49.85,50.4,49.3,49.4,-0.45,192,-0.9
1150402,3004,豐達科,410272.0,42695174,106.5,109.0,102.0,103.0,-5.0,984,-4.63
1150402,3005,神基,4809373.0,473152954,99.0,100.0,97.5,98.7,1.0,4342,1.02
1150402,3006,晶豪科,2862899.0,440396490,159.5,160.0,150.0,150.5,-6.0,3545,-3.83
1150402,3008,大立光,466551.0,1006978430,2215.0,2215.0,2135.0,2140.0,-50.0,5076,-2.28
1150402,3010,華立,951719.0,114181469,120.0,122.5,118.5,119.5,0.5,991,0.42
1150402,3011,今皓,365359.0,4584332,12.45,12.8,12.35,12.35,-0.1,299,-0.8
1150402,3013,晟銘電,1533739.0,152481572,100.5,101.5,98.0,98.2,-1.7,2425,-1.7
1150402,3014,聯陽,502368.0,58043803,116.5,116.5,115.0,115.5,-0.5,533,-0.43
1150402,3015,全漢,206513.0,10306932,50.6,50.6,49.5,49.5,-0.7,222,-1.39
1150402,3016,嘉晶,1139627.0,58997650,53.4,53.6,51.0,51.0,-1.8,914,-3.41
1150402,3017,奇鋐,3100871.0,6506852315,2140.0,2150.0,2065.0,2070.0,-40.0,9013,-1.9
1150402,3018,隆銘綠能,18318.0,213688,11.8,11.8,11.45,11.45,-0.55,126,-4.58
1150402,3019,亞光,1858720.0,225481270,124.5,125.0,120.0,120.5,-2.5,2116,-2.03
1150402,3021,鴻名,49086.0,774927,15.8,16.0,15.7,15.75,-0.15,38,-0.94
1150402,3022,威強電,838971.0,51763429,61.6,62.4,61.0,62.1,0.7,481,1.14
1150402,3023,信邦,2589716.0,678561743,261.5,265.5,258.5,261.0,1.5,2911,0.58
1150402,3024,憶聲,992390.0,10060287,10.05,10.25,9.98,10.2,0.2,416,2.0
1150402,3025,星通,252834.0,14561555,58.3,58.9,57.0,57.4,-0.9,455,-1.54
1150402,3026,禾伸堂,3611648.0,504757191,142.5,144.0,137.0,138.5,-3.5,2951,-2.46
1150402,3027,盛達,197194.0,3802717,19.65,19.65,19.1,19.1,-0.55,199,-2.8
1150402,3028,增你強,3514271.0,180390956,51.8,52.9,50.0,50.2,-0.2,2622,-0.4
1150402,3029,零壹,1719396.0,163515660,97.0,97.5,93.7,93.9,-2.0,1836,-2.09
1150402,3030,德律,5401950.0,1366156392,255.5,261.5,247.5,247.5,-9.0,6182,-3.51
1150402,3031,佰鴻,2193820.0,51011673,22.85,24.0,22.25,23.5,0.7,1394,3.07
1150402,3032,偉訓,527292.0,32622916,63.5,64.0,61.1,61.1,-2.2,735,-3.48
1150402,3033,威健,2620848.0,83903749,32.7,32.9,31.7,31.85,-0.75,1860,-2.3
1150402,3034,聯詠,2805846.0,1081803928,392.5,396.0,382.0,382.0,-9.5,4300,-2.43
1150402,3035,智原,1933823.0,274276147,146.0,147.0,139.0,139.0,-5.5,2949,-3.81
1150402,3036,文曄,7787605.0,1758073310,227.5,230.0,220.5,224.0,-1.0,7092,-0.44
1150402,3037,欣興,49200504.0,25957223443,535.0,537.0,515.0,519.0,30.5,53185,6.24
1150402,3038,全台,93190.0,1905091,20.35,20.6,20.25,20.5,0.25,116,1.23
1150402,3040,遠見,131344.0,6675845,51.5,52.9,50.0,50.3,-1.2,191,-2.33
1150402,3041,揚智,428075.0,9384662,22.2,22.6,21.7,21.75,-0.45,744,-2.03
1150402,3042,晶技,1770224.0,163840795,94.0,94.2,91.4,91.8,-2.1,2336,-2.24
1150402,3043,科風,98622.0,1943161,20.15,20.15,19.4,19.5,-0.5,208,-2.5
1150402,3044,健鼎,2551748.0,898433890,358.0,363.5,345.5,346.5,-8.5,3163,-2.39
1150402,3045,台灣大,5673613.0,620395720,109.5,109.5,109.0,109.5,0.0,2753,0.0
1150402,3046,建碁,77373.0,3590338,46.8,46.9,46.05,46.3,-0.3,212,-0.64
1150402,3047,訊舟,1157278.0,18166904,16.25,16.3,15.5,15.6,-0.45,802,-2.8
1150402,3048,益登,1420938.0,49002796,34.9,35.2,34.15,34.15,-0.55,1222,-1.59
1150402,3049,精金,11014606.0,124550264,11.85,11.9,11.0,11.15,-0.55,4284,-4.7
1150402,3050,鈺德,506396.0,6606082,13.3,13.3,12.95,13.05,-0.2,306,-1.51
1150402,3051,力特,298564.0,5961125,20.35,20.35,19.75,19.9,-0.2,358,-1.0
1150402,3052,夆典,306181.0,3357069,11.0,11.0,10.95,10.95,-0.05,623,-0.45
1150402,3054,立萬利,2510579.0,191302853,77.2,81.7,67.4,67.4,-6.9,1796,-9.29
1150402,3055,蔚華科,286867.0,16850598,59.0,60.8,57.3,57.3,-1.2,292,-2.05
1150402,3056,富華新,608529.0,9030521,14.95,15.05,14.7,14.8,-0.15,518,-1.0
1150402,3057,喬鼎,68177.0,1073504,15.85,16.3,15.5,15.65,-0.1,885,-0.63
1150402,3058,立德,556156.0,5232603,9.58,9.58,9.35,9.39,-0.11,428,-1.16
1150402,3059,華晶科,903935.0,32229649,36.5,36.5,35.4,35.4,-0.7,923,-1.94
1150402,3060,銘異,3915178.0,115013794,29.95,30.8,28.4,28.55,-0.35,2647,-1.21
1150402,3062,建漢,77056426.0,2478295325,34.0,34.1,30.75,31.05,-1.55,35502,-4.75
1150402,3090,日電貿,1507458.0,137391660,92.9,93.2,90.4,90.7,-1.8,1853,-1.95
1150402,3092,鴻碩,504731.0,14443948,29.1,29.55,28.0,29.05,0.3,528,1.04
1150402,3094,聯傑,120022.0,2695768,22.9,22.95,22.25,22.4,-0.25,112,-1.1
1150402,3130,一零四,27431.0,6053687,220.5,221.0,220.0,221.0,0.0,211,0.0
1150402,3135,凌航,692443.0,74261467,110.0,110.0,104.5,104.5,-2.0,893,-1.88
1150402,3138,耀登,2885573.0,483850833,173.0,177.0,160.0,160.0,-10.5,4258,-6.16
1150402,3149,正達,3286545.0,146199165,45.7,46.05,43.5,43.5,-1.65,2524,-3.65
1150402,3150,鈺寶-創,75046.0,1326145,17.45,18.1,17.15,17.85,0.55,76,3.18
1150402,3164,景岳,24379.0,448782,18.5,18.5,18.35,18.35,-0.15,159,-0.81
1150402,3167,大量,12708323.0,5565802147,418.0,445.5,416.0,445.5,40.5,10174,10.0
1150402,3168,眾福科,5017.0,205890,40.9,41.5,40.85,40.95,0.1,6,0.24
1150402,3189,景碩,8260441.0,2783962388,342.0,352.0,323.5,336.0,4.0,11612,1.2
1150402,3209,全科,2591767.0,105311602,41.4,41.45,40.3,40.35,-1.15,2060,-2.77
1150402,3229,晟鈦,120308.0,2297838,19.6,20.0,18.55,18.55,-1.05,94,-5.36
1150402,3231,緯創,15663058.0,1963348212,127.0,128.0,124.0,125.0,-2.0,11398,-1.57
1150402,3257,虹冠電,132686.0,7007103,53.7,53.9,52.4,52.6,-0.9,143,-1.68
1150402,3266,昇陽,15735.0,207098,13.2,13.2,13.15,13.15,0.0,17,0.0
1150402,3296,勝德,14636.0,321052,21.85,22.0,21.85,21.95,0.0,32,0.0
1150402,3305,昇貿,2004884.0,208747147,106.0,107.0,101.5,101.5,-3.5,2309,-3.33
1150402,3308,聯德,88340.0,1830028,21.0,21.1,20.4,20.4,-0.3,83,-1.45
1150402,3311,閎暉,93655.0,2961523,32.05,32.05,31.45,31.45,-0.7,122,-2.18
1150402,3312,弘憶股,394361.0,13869957,35.3,35.75,34.95,34.95,-0.35,447,-0.99
1150402,3321,同泰,91808.0,1450024,16.0,16.2,15.55,15.7,0.0,190,0.0
1150402,3338,泰碩,556072.0,33598956,60.5,61.4,59.7,60.2,0.3,693,0.5
1150402,3346,麗清,138347.0,2529449,18.55,18.65,18.1,18.2,-0.1,536,-0.55
1150402,3356,奇偶,150249.0,7251840,48.6,49.25,47.95,48.1,-0.75,437,-1.54
1150402,3376,新日興,5076594.0,965611421,196.5,198.0,187.0,187.5,-8.5,6000,-4.34
1150402,3380,明泰,4585469.0,166867573,37.0,37.6,35.55,35.55,-1.15,3460,-3.13
1150402,3406,玉晶光,370022.0,165080110,452.5,454.0,440.5,444.0,-7.5,593,-1.66
1150402,3413,京鼎,795476.0,234515448,295.5,298.0,292.5,293.5,-1.5,1066,-0.51
1150402,3416,融程電,106986.0,15325419,145.5,145.5,142.5,143.5,-0.5,215,-0.35
1150402,3419,譁裕,226044.0,3474684,15.45,15.65,15.25,15.5,-0.15,120,-0.96
1150402,3432,台端,50012.0,810345,16.7,16.7,16.0,16.35,-0.3,38,-1.8
1150402,3437,榮創,5348035.0,111371072,22.1,22.1,20.3,20.3,-2.25,3083,-9.98
1150402,3443,創意,1707978.0,4014288855,2375.0,2410.0,2315.0,2320.0,-35.0,3894,-1.49
1150402,3447,展達,171294.0,6481971,38.85,39.0,37.4,37.4,-1.3,189,-3.36
1150402,3450,聯鈞,9144116.0,2275938117,251.0,257.5,241.0,241.0,-6.5,10071,-2.63
1150402,3481,群創,280976969.0,7092162089,25.3,25.9,24.65,24.65,-0.4,82714,-1.6
1150402,3494,誠研,104781.0,823558,7.92,8.08,7.8,8.04,0.12,62,1.52
1150402,3501,維熹,65938.0,3173028,49.45,49.45,47.8,47.85,-0.45,94,-0.93
1150402,3504,揚明光,183538.0,9532708,53.0,53.5,51.1,51.2,-1.9,242,-3.58
1150402,3515,華擎,409621.0,83048519,209.5,209.5,201.0,201.0,-6.0,655,-2.9
1150402,3518,柏騰,83439.0,1713396,20.95,20.95,20.2,20.45,-0.15,179,-0.73
1150402,3528,安馳,117375.0,7528614,65.4,65.4,63.3,63.9,-0.6,131,-0.93
1150402,3530,晶相光,92700.0,5350489,58.3,58.7,57.1,57.4,-0.5,107,-0.86
1150402,3532,台勝科,1061919.0,140990827,136.0,137.5,129.5,130.5,-4.5,940,-3.33
1150402,3533,嘉澤,1259571.0,2614017990,2180.0,2190.0,2035.0,2045.0,-80.0,2587,-3.76
1150402,3535,晶彩科,1954738.0,207816024,106.5,109.0,103.5,103.5,-2.5,1753,-2.36
1150402,3543,州巧,1239450.0,57750633,47.55,47.95,45.85,45.95,-1.4,807,-2.96
1150402,3545,敦泰,1690779.0,80904121,48.7,49.2,47.0,47.7,-1.0,2881,-2.05
1150402,3550,聯穎,1710771.0,30824215,18.55,18.8,17.55,17.6,-0.95,1286,-5.12
1150402,3557,嘉威,36767.0,1118225,30.7,30.7,30.1,30.25,-0.4,50,-1.31
1150402,3563,牧德,2249731.0,1763910177,780.0,795.0,774.0,775.0,0.0,3721,0.0
1150402,3576,聯合再生,28675658.0,589093987,21.35,21.55,20.1,20.55,-0.75,13525,-3.52
1150402,3583,辛耘,2365031.0,1114587189,470.0,480.0,461.0,461.0,-4.0,3715,-0.86
1150402,3588,通嘉,127906.0,5942985,47.0,47.15,46.0,46.35,-0.8,236,-1.7
1150402,3591,艾笛森,7428283.0,158579529,20.65,22.05,20.15,21.3,0.75,4005,3.65
1150402,3592,瑞鼎,410096.0,90485115,227.0,227.0,217.0,218.0,-7.0,3301,-3.11
1150402,3593,力銘,42207.0,546653,13.3,13.3,12.6,12.9,-0.4,407,-3.01
1150402,3596,智易,3992123.0,673305093,170.0,174.0,165.0,165.0,-2.0,4271,-1.2
1150402,3605,宏致,2386895.0,141303430,57.9,60.9,56.2,60.1,3.6,2170,6.37
1150402,3607,谷崧,255122.0,3598982,14.25,14.3,14.0,14.15,-0.05,234,-0.35
1150402,3617,碩天,148762.0,25232949,173.5,174.0,168.5,168.5,-3.0,659,-1.75
1150402,3622,洋華,146837.0,8316533,57.8,57.8,56.4,56.6,-0.5,145,-0.88
1150402,3645,達邁,7517795.0,564301248,74.6,77.3,72.9,73.2,0.1,5251,0.14
1150402,3652,精聯,27049.0,721212,26.9,26.9,26.55,26.7,-0.2,28,-0.74
1150402,3653,健策,1635526.0,6259854758,4055.0,4065.0,3710.0,3710.0,-240.0,11465,-6.08
1150402,3661,世芯-KY,2298688.0,6343803222,2815.0,2830.0,2700.0,2705.0,-25.0,12009,-0.92
1150402,3665,貿聯-KY,4922718.0,9730963570,1980.0,2075.0,1900.0,1915.0,5.0,9243,0.26
1150402,3669,圓展,43148.0,1409643,33.1,33.1,32.45,32.7,0.0,41,0.0
1150402,3673,TPK-KY,2805508.0,124000306,43.5,44.7,43.5,44.3,0.85,2175,1.96
1150402,3679,新至陞,41400.0,4847464,117.5,117.5,116.5,117.0,-1.0,53,-0.85
1150402,3686,達能,255146.0,4473575,17.8,17.8,17.35,17.4,-0.5,272,-2.79
1150402,3694,海華,783485.0,42802974,55.7,56.5,53.6,53.6,-2.0,969,-3.6
1150402,3701,大眾控,3279480.0,180452436,57.1,57.7,53.3,53.3,-3.2,2517,-5.66
1150402,3702,大聯大,12365975.0,1096271814,90.8,90.9,87.4,88.0,-1.9,7362,-2.11
1150402,3703,欣陸,447026.0,9957951,22.3,22.45,22.2,22.25,-0.15,226,-0.67
1150402,3704,合勤控,1813693.0,59723523,33.1,33.7,32.4,32.4,-0.65,1259,-1.97
1150402,3705,永信,365120.0,20221428,54.5,55.7,54.5,55.5,1.0,302,1.83
1150402,3706,神達,6335854.0,476899776,76.9,77.2,74.5,74.7,-1.7,6650,-2.23
1150402,3708,上緯投控,1803406.0,214811532,123.0,124.5,116.0,116.0,-6.5,1699,-5.31
1150402,3711,日月光投控,24470659.0,8925309806,375.5,375.5,356.0,361.0,0.0,21446,0.0
1150402,3712,永崴投控,1449183.0,28552775,19.7,19.7,19.7,19.7,-2.15,2799,-9.84
1150402,3714,富采,45397542.0,2386194315,51.7,54.2,50.0,54.2,4.9,25933,9.94
1150402,3715,定穎投控,32760078.0,5834592369,183.0,185.5,172.0,172.0,-8.0,29145,-4.44
1150402,3716,中化控股,70466.0,2323112,32.95,33.15,32.85,32.85,-0.4,117,-1.2
1150402,3717,聯嘉投控,1483852.0,33202233,22.85,22.85,22.1,22.1,-0.75,1044,-3.28
1150402,4104,佳醫,251402.0,19585201,77.5,78.0,77.5,77.9,0.4,419,0.52
1150402,4106,雃博,60780.0,1350295,22.35,22.35,22.15,22.3,0.1,61,0.45
1150402,4108,懷特,75708.0,964166,12.65,12.85,12.65,12.65,-0.15,249,-1.17
1150402,4119,旭富,55002.0,2846154,51.7,52.1,51.5,51.6,-0.3,75,-0.58
1150402,4133,亞諾法,137652.0,3105597,22.85,22.85,22.15,22.8,-0.05,228,-0.22
1150402,4137,麗豐-KY,134562.0,14376821,105.5,108.0,105.5,106.0,0.5,158,0.47
1150402,4142,國光生,1651835.0,31264846,18.95,19.05,18.8,18.9,0.1,849,0.53
1150402,4148,全宇生技-KY,71015.0,3084084,43.8,43.8,43.0,43.25,-0.35,74,-0.8
1150402,4155,訊映,41941.0,558378,13.25,13.4,13.25,13.35,0.1,141,0.75
1150402,4164,承業醫,512439.0,15951452,31.05,31.4,30.9,30.95,-0.05,418,-0.16
1150402,4190,佐登-KY,17863.0,488095,27.3,27.5,27.25,27.4,0.1,61,0.37
1150402,4306,炎洲,944509.0,12857217,13.85,13.85,13.55,13.6,-0.1,695,-0.73
1150402,4414,如興,462023.0,5534217,12.05,12.3,11.8,11.8,-0.25,330,-2.07
1150402,4426,利勤,281560.0,2512107,9.0,9.0,8.82,8.9,-0.1,216,-1.11
1150402,4438,廣越,31384.0,1774611,57.0,57.5,56.1,56.3,-0.4,51,-0.71
1150402,4439,冠星-KY,26346.0,2254249,86.5,86.8,84.2,84.2,-2.3,64,-2.66
1150402,4440,宜新實業,5290.0,91716,17.5,17.5,17.2,17.2,0.2,7,1.18
1150402,4441,振大環球,104432.0,19724409,196.5,196.5,187.0,188.0,-4.0,136,-2.08
1150402,4526,東台,2736533.0,92394819,34.55,34.9,33.05,33.15,-1.3,2198,-3.77
1150402,4532,瑞智,1139971.0,29735863,26.15,26.4,25.85,26.05,0.05,607,0.19
1150402,4536,拓凱,127598.0,19146397,151.0,152.0,149.0,149.5,-1.5,295,-0.99
1150402,4540,全球傳動,767047.0,31748727,42.5,42.85,40.7,40.8,-1.1,966,-2.63
1150402,4545,銘鈺,85033.0,2582058,30.95,30.95,30.1,30.2,-0.5,104,-1.63
1150402,4551,智伸科,264441.0,34819108,132.0,133.5,129.5,131.5,0.0,456,0.0
1150402,4552,力達-KY,19904.0,414107,20.55,21.2,20.55,20.9,0.0,305,0.0
1150402,4555,氣立,108328.0,3806003,35.5,35.7,34.8,34.8,-0.65,77,-1.83
1150402,4557,永新-KY,32079.0,1840536,57.9,57.9,57.0,57.5,-0.4,189,-0.69
1150402,4560,強信-KY,126000.0,4118150,32.9,32.95,32.4,32.4,-0.35,69,-1.07
1150402,4562,穎漢,190931.0,5738443,30.85,31.0,29.8,29.8,-0.3,163,-1.0
1150402,4564,元翎,471985.0,8862438,19.1,19.1,18.65,18.85,-0.1,386,-0.53
1150402,4566,時碩工業,296889.0,16921925,57.8,58.0,56.3,56.5,-1.3,739,-2.25
1150402,4569,六方科-KY,29794.0,3805582,129.0,130.5,127.0,127.0,-1.5,52,-1.17
1150402,4571,鈞興-KY,210600.0,31246208,152.5,152.5,147.0,148.5,-2.0,331,-1.33
1150402,4572,駐龍,18621.0,2620663,141.5,142.5,140.0,142.5,0.0,46,0.0
1150402,4576,大銀微系統,1328179.0,174365645,131.5,133.5,129.5,130.5,-1.0,1722,-0.76
1150402,4581,光隆精密-KY,4000.0,195800,49.0,49.0,48.8,49.0,-0.1,3,-0.2
1150402,4583,台灣精銳,86823.0,55350845,646.0,655.0,629.0,632.0,-10.0,438,-1.56
1150402,4585,達明,154993.0,44550780,294.0,294.0,285.0,286.0,-3.0,655,-1.04
1150402,4588,玖鼎電力,35956.0,2062988,57.6,57.6,57.2,57.4,-0.2,53,-0.35
1150402,4590,富田-創,144528.0,10565939,74.3,74.5,72.2,72.3,-2.0,148,-2.69
1150402,4720,德淵,981292.0,17064198,17.55,17.8,17.15,17.5,-0.2,580,-1.13
1150402,4722,國精化,814588.0,131310326,166.0,166.5,159.0,159.0,-5.5,1642,-3.34
1150402,4736,泰博,120191.0,14640086,122.0,122.5,121.0,122.5,0.0,261,0.0
1150402,4737,華廣,284492.0,20020901,72.0,72.2,69.2,70.3,-1.4,461,-1.95
1150402,4739,康普,1460955.0,112515485,78.1,78.6,75.8,76.4,-1.7,1477,-2.18
1150402,4746,台耀,850485.0,47818457,56.1,56.9,55.6,55.6,-0.4,995,-0.71
1150402,4755,三福化,499548.0,68754225,140.5,140.5,136.0,138.0,-3.0,524,-2.13
1150402,4763,材料*-KY,2738465.0,116041734,43.05,43.3,42.0,42.2,-0.7,2446,-1.63
1150402,4764,雙鍵,2050347.0,254749796,126.0,129.0,120.0,121.0,-4.5,1712,-3.59
1150402,4766,南寶,451357.0,140349927,317.0,318.0,307.0,308.0,-6.5,1106,-2.07
1150402,4770,上品,146855.0,31934097,221.5,221.5,215.5,216.5,-2.5,296,-1.14
1150402,4771,望隼,219535.0,39531386,182.5,183.5,179.0,179.5,-3.0,242,-1.64
1150402,4807,日成-KY,61205.0,875402,14.35,14.55,14.25,14.25,-0.15,245,-1.04
1150402,4904,遠傳,3354406.0,311221171,93.5,93.7,92.4,92.5,-1.0,2185,-1.07
1150402,4906,正文,188353559.0,7633250948,41.55,42.0,39.0,39.3,-0.35,86307,-0.88
1150402,4912,聯德控股-KY,244172.0,21710551,90.6,90.6,88.0,88.2,-2.2,340,-2.43
1150402,4915,致伸,1044871.0,74555871,72.4,72.7,70.9,71.0,-1.1,995,-1.53
1150402,4916,事欣科,2884387.0,162581210,57.5,58.5,54.6,54.6,-2.8,2740,-4.88
1150402,4919,新唐,11710588.0,1097344472,94.5,97.0,91.6,92.4,-2.1,9267,-2.22
1150402,4927,泰鼎-KY,3466316.0,142920038,42.05,42.3,40.7,40.85,-0.6,2671,-1.45
1150402,4930,燦星網,47571.0,925145,19.5,19.5,19.35,19.45,-0.05,84,-0.26
1150402,4934,太極,1129659.0,18252694,17.05,17.05,15.9,15.95,-0.7,786,-4.2
1150402,4935,茂林-KY,53406.0,1909026,36.85,36.85,35.4,35.4,-0.8,90,-2.21
1150402,4938,和碩,5945310.0,464719191,78.8,78.8,77.9,78.0,-0.2,4148,-0.26
1150402,4942,嘉彰,137433.0,5324153,38.9,39.0,38.5,38.65,-0.25,103,-0.64
1150402,4943,康控-KY,20222.0,217807,10.9,10.9,10.7,10.7,-0.2,18,-1.83
1150402,4949,有成精密,4206166.0,278766406,69.0,69.4,63.3,64.1,-3.8,3243,-5.6
1150402,4952,凌通,215729.0,8453260,40.2,40.2,38.9,39.1,-0.9,273,-2.25
1150402,4956,光鋐,5565133.0,183994459,32.5,34.2,32.05,32.95,0.6,3759,1.85
1150402,4958,臻鼎-KY,39861027.0,8896622212,230.0,237.0,213.0,213.5,-6.0,35178,-2.73
1150402,4960,誠美材,22769320.0,472668181,21.9,22.2,20.0,20.4,-1.5,11357,-6.85
1150402,4961,天鈺,955606.0,143023980,153.5,154.0,148.0,149.0,-4.0,1814,-2.61
1150402,4967,十銓,8795138.0,1891374632,220.0,223.0,208.0,209.0,-4.0,8315,-1.88
1150402,4968,立積,928404.0,95540029,105.5,106.5,101.5,102.0,-3.0,867,-2.86
1150402,4976,佳凌,308287.0,8438002,27.95,28.4,27.1,27.1,-0.65,380,-2.34
1150402,4977,眾達-KY,5730747.0,1058633014,186.0,191.0,178.0,178.0,-4.5,6822,-2.47
1150402,4989,榮科,11365489.0,741865901,66.6,67.9,62.7,63.4,-2.8,7870,-4.23
1150402,4994,傳奇,16006.0,1572491,98.9,99.3,97.1,98.0,-0.9,17,-0.91
1150402,4999,鑫禾,88254.0,1885914,21.35,21.4,21.25,21.35,-0.05,749,-0.23
1150402,5007,三星,46371.0,2565355,55.9,55.9,55.2,55.4,-0.6,141,-1.07
1150402,5203,訊連,808122.0,52238067,63.9,66.1,62.6,63.7,0.5,921,0.79
1150402,5215,科嘉-KY,49117.0,1806497,37.15,37.15,36.6,36.7,-0.4,58,-1.08
1150402,5222,全訊,873594.0,108352623,127.5,128.0,122.0,122.5,-4.5,1244,-3.54
1150402,5225,東科-KY,231352.0,18078762,79.0,79.0,77.7,77.7,-1.1,271,-1.4
1150402,5234,達興材料,1444956.0,523169149,363.0,372.5,355.0,357.0,-4.0,1737,-1.11
1150402,5243,乙盛-KY,17950793.0,1687590375,90.0,97.2,89.4,93.7,4.8,15464,5.4
1150402,5244,弘凱,1949079.0,77236151,38.7,40.5,38.2,40.2,1.25,1435,3.21
1150402,5258,虹堡,223302.0,10560635,48.6,48.6,46.6,46.9,-1.0,438,-2.09
1150402,5269,祥碩,799622.0,863081335,1100.0,1125.0,1060.0,1060.0,-35.0,3109,-3.2
1150402,5283,禾聯碩,44679.0,2418095,53.9,54.5,53.8,54.5,0.6,158,1.11
1150402,5284,jpp-KY,654901.0,181405042,280.5,283.5,273.0,273.5,-1.5,1784,-0.55
1150402,5285,界霖,126598.0,6135690,48.85,49.5,47.8,48.2,-0.55,223,-1.13
1150402,5288,豐祥-KY,70766.0,9886638,141.0,141.0,138.5,140.5,-1.0,82,-0.71
1150402,5292,華懋,546329.0,119519387,229.5,229.5,211.0,211.5,-17.5,2812,-7.64
1150402,5306,桂盟,90261.0,7832162,87.3,87.3,86.6,86.6,-0.7,175,-0.8
1150402,5388,中磊,8389602.0,669668424,78.4,81.9,77.5,79.8,3.2,5858,4.18
1150402,5434,崇越,1330306.0,442678741,329.0,336.5,326.5,331.5,9.0,1791,2.79
1150402,5469,瀚宇博,2073397.0,167039953,83.1,83.3,79.4,79.4,-2.4,2539,-2.93
1150402,5471,松翰,469308.0,17485227,38.45,38.7,36.7,36.85,-1.6,1063,-4.16
1150402,5484,慧友,1894627.0,82907663,44.75,46.0,42.0,43.35,-1.35,1767,-3.02
1150402,5515,建國,649310.0,23464424,36.5,36.6,35.85,36.15,-0.3,710,-0.82
1150402,5519,隆大,318238.0,10589525,33.2,33.5,33.2,33.2,-0.25,231,-0.75
1150402,5521,工信,3907873.0,48993475,12.7,12.85,12.35,12.65,0.05,1240,0.4
1150402,5522,遠雄,1201553.0,86059350,73.0,73.0,70.2,72.7,0.1,1867,0.14
1150402,5525,順天,48777.0,1208028,24.95,25.1,24.6,24.6,-0.15,44,-0.61
1150402,5531,鄉林,500661.0,4413632,8.86,8.89,8.75,8.88,0.01,264,0.11
1150402,5533,皇鼎,415048.0,5972666,14.45,14.55,14.35,14.4,-0.05,103,-0.35
1150402,5534,長虹,553613.0,43089224,79.0,79.0,77.4,77.7,-1.0,2150,-1.27
1150402,5538,東明-KY,9040.0,266980,29.55,30.1,29.4,29.45,0.1,11,0.34
1150402,5546,永固-KY,30020.0,493645,16.45,16.75,16.15,16.75,0.3,23,1.82
1150402,5607,遠雄港,213880.0,9795223,45.55,46.1,45.55,45.55,0.05,189,0.11
1150402,5608,四維航,582203.0,9510021,16.5,16.5,16.25,16.25,-0.2,474,-1.22
1150402,5706,鳳凰,140040.0,7241642,52.7,52.8,51.3,51.5,-1.2,549,-2.28
1150402,5871,中租-KY,4783000.0,514028365,109.5,109.5,106.5,107.5,-1.5,3323,-1.38
1150402,5871A,中租-KY甲特,48681.0,4965317,102.0,102.0,102.0,102.0,0.0,42,0.0
1150402,5876,上海商銀,4893610.0,193268782,39.45,39.65,39.25,39.55,0.3,2384,0.76
1150402,5880,合庫金,9246456.0,218925923,23.85,23.9,23.6,23.65,-0.15,3691,-0.63
1150402,5906,台南-KY,3000.0,140500,46.5,47.0,46.5,47.0,0.0,2,0.0
1150402,5907,大洋-KY,135200.0,782316,5.78,5.85,5.76,5.79,0.02,63,0.35
1150402,6005,群益證,3417731.0,95136005,28.2,28.25,27.65,27.75,-0.4,1776,-1.42
1150402,6024,群益期,275065.0,15421068,56.5,56.8,55.8,55.9,-0.5,330,-0.89
1150402,6108,競國,201605.0,3263790,16.2,16.4,16.1,16.25,0.05,314,0.31
1150402,6112,邁達特,204822.0,8828901,43.7,44.0,42.85,42.95,-0.5,231,-1.15
1150402,6115,鎰勝,103241.0,4845674,47.4,47.4,46.75,46.9,-0.05,52,-0.11
1150402,6116,彩晶,19195547.0,159884436,8.3,8.49,8.21,8.21,-0.04,5268,-0.48
1150402,6117,迎廣,140879.0,9908745,70.7,71.0,69.6,69.7,-0.4,121,-0.57
1150402,6120,達運,3509947.0,45765027,12.95,13.25,12.8,12.85,0.15,1484,1.18
1150402,6128,上福,170384.0,3552929,20.9,21.0,20.7,20.95,0.05,159,0.24
1150402,6133,金橋,1018105.0,22656379,23.0,23.0,21.95,21.95,-0.7,685,-3.09
1150402,6136,富爾特,93341.0,2268023,24.25,24.35,24.25,24.3,0.05,123,0.21
1150402,6139,亞翔,2425334.0,1282201338,535.0,543.0,520.0,521.0,-4.0,4186,-0.76
1150402,6141,柏承,567841.0,11843565,21.3,21.3,20.5,20.95,0.05,346,0.24
1150402,6142,友勁,512582.0,4818689,9.51,9.57,9.35,9.38,-0.13,223,-1.37
1150402,6152,百一,4320035.0,69400802,16.05,17.0,15.55,16.5,0.45,1540,2.8
1150402,6153,嘉聯益,2220014.0,36346086,16.4,16.8,16.1,16.2,0.0,1202,0.0
1150402,6155,鈞寶,1199289.0,51657492,45.3,45.75,42.0,42.0,-2.5,1001,-5.62
1150402,6164,華興,291495.0,3420525,11.85,12.0,11.6,11.6,-0.2,228,-1.69
1150402,6165,浪凡,178265.0,8067551,45.4,45.55,45.05,45.4,0.3,208,0.67
1150402,6166,凌華,291451.0,16729062,58.4,58.9,56.9,57.0,-0.8,330,-1.38
1150402,6168,宏齊,13553796.0,340114270,24.1,26.0,23.2,26.0,2.35,7495,9.94
1150402,6176,瑞儀,1917521.0,177365455,93.5,94.0,91.8,92.0,-1.5,2978,-1.6
1150402,6177,達麗,494958.0,23169379,47.05,47.3,46.5,46.9,-0.15,1104,-0.32
1150402,6183,關貿,50245.0,4598922,92.8,92.8,91.0,91.5,-1.2,408,-1.29
1150402,6184,大豐電,32504.0,1552858,47.85,47.85,47.6,47.7,0.2,49,0.42
1150402,6189,豐藝,305451.0,13687323,45.2,45.5,44.6,44.7,-0.5,877,-1.11
1150402,6191,精成科,2944703.0,263313153,92.1,92.1,88.3,88.3,-2.5,4274,-2.75
1150402,6192,巨路,125714.0,14605132,117.5,118.0,115.0,115.5,-2.0,163,-1.7
1150402,6196,帆宣,1123143.0,316613458,281.0,286.0,279.0,282.0,2.0,2735,0.71
1150402,6197,佳必琪,1745762.0,278720883,164.5,164.5,157.0,157.5,-5.5,2240,-3.37
1150402,6201,亞弘電,19799.0,998895,49.85,51.0,49.85,50.9,1.1,46,2.21
1150402,6202,盛群,1942136.0,89085288,47.95,48.2,44.95,45.3,-2.4,1887,-5.03
1150402,6205,詮欣,559371.0,29414641,54.0,54.6,51.4,51.8,-1.8,538,-3.36
1150402,6206,飛捷,479629.0,46595526,99.0,99.0,96.3,96.7,-2.0,1143,-2.03
1150402,6209,今國光,1210171.0,60754108,50.3,51.0,49.4,50.2,-0.1,1215,-0.2
1150402,6213,聯茂,59038515.0,10110235908,167.5,176.0,167.0,170.0,7.0,39926,4.29
1150402,6214,精誠,322381.0,34661872,107.5,108.5,106.5,107.5,0.0,446,0.0
1150402,6215,和椿,816402.0,77925732,98.6,98.9,94.1,94.1,-3.9,1244,-3.98
1150402,6216,居易,79348.0,1974777,25.0,25.0,24.8,24.9,-0.15,102,-0.6
1150402,6224,聚鼎,72842.0,2898592,40.7,40.7,39.5,39.85,-0.2,162,-0.5
1150402,6225,天瀚,10602.0,211433,19.1,20.9,19.1,19.4,0.3,14,1.57
1150402,6226,光鼎,1146480.0,13936339,12.8,12.8,12.0,12.0,-0.9,942,-6.98
1150402,6230,尼得科超眾,61643.0,8905595,145.5,147.5,142.0,142.0,-2.0,207,-1.39
1150402,6235,華孚,437160.0,20261261,47.1,47.35,46.0,46.0,-1.2,509,-2.54
1150402,6239,力成,13058004.0,2681858520,199.5,209.5,197.5,202.0,7.0,12178,3.59
1150402,6243,迅杰,109986.0,3202734,29.3,29.75,28.6,28.65,-0.2,400,-0.69
1150402,6257,矽格,16219418.0,2488683655,157.0,159.0,150.5,151.0,-5.0,13386,-3.21
1150402,6269,台郡,1063906.0,63181134,59.3,60.4,58.8,59.2,0.7,1124,1.2
1150402,6271,同欣電,5005875.0,761166818,149.0,155.0,149.0,151.5,2.5,4658,1.68
1150402,6272,驊陞,162041.0,5097236,31.9,32.15,31.2,31.3,-0.9,145,-2.8
1150402,6277,宏正,394217.0,28172288,71.8,73.3,70.5,72.1,-0.1,378,-0.14
1150402,6278,台表科,1602049.0,150156791,95.2,95.2,92.9,94.1,-0.9,1674,-0.95
1150402,6281,全國電,131062.0,7321498,56.1,56.5,55.5,55.6,-0.6,199,-1.07
1150402,6282,康舒,12110032.0,542723764,45.6,46.1,44.0,44.0,-1.25,8179,-2.76
1150402,6283,淳安,91720.0,1862804,20.4,20.5,20.2,20.3,-0.1,63,-0.49
1150402,6285,啟碁,26648359.0,4796286960,181.5,185.0,176.0,179.5,1.5,28459,0.84
1150402,6405,悅城,1276619.0,47419657,37.15,37.15,36.2,37.15,3.35,839,9.91
1150402,6409,旭隼,600389.0,451760308,782.0,783.0,739.0,739.0,-39.0,1977,-5.01
1150402,6412,群電,616638.0,45100445,73.2,74.0,72.7,73.0,0.0,660,0.0
1150402,6414,樺漢,1048650.0,286637431,275.0,275.5,271.0,272.5,-2.0,1805,-0.73
1150402,6415,矽力*-KY,3853247.0,1064476578,285.5,287.0,270.5,274.0,-8.5,4563,-3.01
1150402,6416,瑞祺電通,108741.0,8540920,80.0,80.0,78.1,78.2,-1.6,365,-2.01
1150402,6426,統新,448311.0,70351466,156.0,162.0,153.5,157.5,8.0,557,5.35
1150402,6431,光麗-KY,174114.0,3839378,22.55,22.55,21.15,22.5,-0.45,165,-1.96
1150402,6438,迅得,3120537.0,533210121,176.0,176.5,166.0,170.0,-2.5,3686,-1.45
1150402,6442,光聖,3799843.0,7912621595,2095.0,2180.0,1985.0,2000.0,-30.0,9599,-1.48
1150402,6443,元晶,37560091.0,1499035688,41.55,41.9,38.75,38.8,-2.35,20260,-5.71
1150402,6446,藥華藥,854965.0,542045773,642.0,642.0,628.0,632.0,-3.0,1838,-0.47
1150402,6449,鈺邦,405282.0,60282962,152.0,153.0,147.0,147.5,-3.5,535,-2.32
1150402,6451,訊芯-KY,1815436.0,547207663,307.5,317.0,295.5,295.5,-9.5,2331,-3.11
1150402,6456,GIS-KY,5806701.0,329286777,55.4,57.9,55.2,56.0,1.6,4007,2.94
1150402,6464,台數科,21704.0,1647236,75.9,76.0,75.8,75.9,-0.6,213,-0.78
1150402,6472,保瑞,577317.0,264895956,458.0,469.0,449.0,449.0,-10.0,1615,-2.18
1150402,6477,安集,684366.0,22622199,33.9,34.05,32.75,32.75,-0.85,598,-2.53
1150402,6491,晶碩,471160.0,135231506,284.0,290.0,281.5,290.0,8.5,896,3.02
1150402,6504,南六,32241.0,1318666,41.75,41.75,40.75,40.75,-1.0,58,-2.4
1150402,6505,台塑化,9622606.0,530065212,55.8,55.8,54.6,54.7,-1.0,6599,-1.8
1150402,6515,穎崴,435413.0,2918500355,7600.0,7600.0,6565.0,6605.0,-685.0,6244,-9.4
1150402,6525,捷敏-KY,163072.0,13039592,80.5,81.0,79.6,79.6,-0.9,193,-1.12
1150402,6526,達發,374998.0,179666047,488.0,491.0,472.5,476.5,-7.0,832,-1.45
1150402,6531,愛普*,2564980.0,1164867403,465.5,473.0,440.0,440.0,-20.0,3929,-4.35
1150402,6533,晶心科,253529.0,44665029,178.5,181.0,174.0,174.5,-4.5,1438,-2.51
1150402,6534,正瀚-創,509181.0,46857483,90.5,93.8,90.5,91.0,-1.0,247,-1.09
1150402,6541,泰福-KY,465512.0,19649863,41.35,42.95,41.35,41.9,0.6,368,1.45
1150402,6550,北極星藥業-KY,3687999.0,73607381,20.15,20.8,19.8,19.9,-0.4,735,-1.97
1150402,6552,易華電,58001.0,1494315,25.9,26.0,25.6,25.7,-0.15,78,-0.58
1150402,6558,興能高,342526.0,9430896,28.0,28.5,27.2,27.2,-1.05,357,-3.72
1150402,6573,虹揚-KY,254133.0,3147868,12.45,12.85,12.05,12.25,-0.25,162,-2.0
1150402,6579,研揚,53287.0,6049996,115.0,115.0,112.5,113.5,-1.5,160,-1.3
1150402,6581,鋼聯,5360.0,572606,107.0,107.0,106.5,106.5,-0.5,95,-0.47
1150402,6582,申豐,303968.0,10233957,33.05,34.8,33.0,33.95,0.3,304,0.89
1150402,6585,鼎基,113470.0,10505319,95.1,95.1,92.1,92.2,-2.8,143,-2.95
1150402,6589,台康生技,422426.0,24340079,57.0,58.4,57.0,57.3,0.3,337,0.53
1150402,6591,動力-KY,214786.0,12849195,60.5,60.9,59.5,59.7,-0.3,238,-0.5
1150402,6592,和潤企業,402416.0,25233508,63.1,63.1,62.3,63.1,0.0,405,0.0
1150402,6592A,和潤企業甲特,2776.0,270190,97.5,97.5,97.5,97.5,0.0,8,0.0
1150402,6592B,和潤企業乙特,12590.0,1232331,97.9,97.9,97.9,97.9,0.0,11,0.0
1150402,6598,ABC-KY,49829.0,1155993,23.1,23.3,23.1,23.1,-0.3,299,-1.28
1150402,6605,帝寶,190170.0,25304971,135.5,135.5,132.0,132.0,-3.5,1163,-2.58
1150402,6606,建德工業,71794.0,1761746,24.85,25.25,24.05,24.15,-0.15,61,-0.62
1150402,6614,資拓宏宇,65635.0,2656004,41.25,41.25,40.1,40.2,-1.05,85,-2.55
1150402,6625,必應,142358.0,10910502,77.5,77.5,76.1,76.2,-1.0,284,-1.3
1150402,6641,基士德-KY,31286.0,580019,18.55,18.7,18.35,18.55,0.0,24,0.0
1150402,6645,金萬林-創,82750.0,1102455,13.3,13.55,13.15,13.3,-0.35,54,-2.56
1150402,6655,科定,1123.0,144196,128.5,128.5,128.5,128.5,0.5,4,0.39
1150402,6657,華安,143341.0,5903881,42.1,42.1,40.6,40.7,-0.8,153,-1.93
1150402,6658,聯策,1588117.0,116963259,74.1,75.5,71.0,73.0,-0.9,1382,-1.22
1150402,6666,羅麗芬-KY,8060.0,325337,40.35,40.65,40.2,40.2,-0.1,9,-0.25
1150402,6668,中揚光,158985.0,5361738,34.4,34.4,33.3,34.15,-0.25,364,-0.73
1150402,6669,緯穎,1307355.0,4492280295,3495.0,3510.0,3375.0,3410.0,-10.0,7320,-0.29
1150402,6670,復盛應用,486722.0,124768819,265.0,265.0,253.5,257.0,-8.0,942,-3.02
1150402,6671,三能-KY,75177.0,2305480,30.4,30.95,30.4,30.5,0.25,39,0.83
1150402,6672,騰輝電子-KY,6111173.0,796008512,132.0,134.5,127.5,129.5,-0.5,4812,-0.38
1150402,6674,鋐寶科技,12006.0,217561,18.05,18.35,17.9,18.05,0.25,13,1.4
1150402,6689,伊雲谷,529589.0,39954348,77.2,77.8,74.0,74.2,-2.4,541,-3.13
1150402,6691,洋基工程,461761.0,262331104,578.0,580.0,561.0,561.0,-13.0,1145,-2.26
1150402,6695,芯鼎,216125.0,8313618,39.7,39.7,38.1,38.25,-1.0,362,-2.55
1150402,6698,旭暉應材,71011.0,2096146,29.55,29.8,29.35,29.8,0.0,248,0.0
1150402,6706,惠特,6320204.0,762284511,118.0,123.0,118.0,119.5,4.5,5313,3.91
1150402,6715,嘉基,2007613.0,635420168,325.0,330.5,303.0,312.0,-17.5,2230,-5.31
1150402,6719,力智,281820.0,45204343,164.0,164.5,159.0,159.5,-3.5,506,-2.15
1150402,6722,輝創,106603.0,4164531,39.85,39.85,38.8,38.85,-1.0,78,-2.51
1150402,6742,澤米,108966.0,4392415,40.65,40.8,39.8,40.1,0.05,753,0.12
1150402,6743,安普新,107085.0,2386079,22.55,22.6,22.1,22.2,-0.35,84,-1.55
1150402,6753,龍德造船,400089.0,50852933,129.5,130.0,126.0,126.0,-2.5,787,-1.95
1150402,6754,匯僑設計,15396.0,693341,45.0,45.1,45.0,45.0,-0.1,18,-0.22
1150402,6756,威鋒電子,71673.0,5077139,71.3,72.4,70.4,70.5,-0.5,88,-0.7
1150402,6757,台灣虎航,1719120.0,85037924,51.0,51.0,49.0,49.0,-1.6,3046,-3.16
1150402,6768,志強-KY,885633.0,75616973,88.0,88.0,84.5,84.6,-3.4,905,-3.86
1150402,6770,力積電,155762985.0,8583324534,56.5,57.2,53.5,53.5,-1.4,71453,-2.55
1150402,6771,平和環保-創,123245.0,5421552,44.1,44.3,43.85,43.9,-0.15,41,-0.34
1150402,6776,展碁國際,317871.0,18302381,58.5,59.1,57.0,57.0,-1.3,412,-2.23
1150402,6781,AES-KY,1169779.0,1144654918,1010.0,1015.0,957.0,957.0,-41.0,5627,-4.11
1150402,6782,視陽,138301.0,26826223,198.5,198.5,191.0,191.5,-6.0,1877,-3.04
1150402,6789,采鈺,2504599.0,803505725,325.0,327.0,314.0,318.0,0.0,3836,0.0
1150402,6790,永豐實,101699.0,4138064,40.7,40.9,40.5,40.7,0.0,230,0.0
1150402,6792,詠業,32453.0,1787560,55.3,56.4,54.2,54.2,-1.1,118,-1.99
1150402,6794,向榮生技,23091.0,1859125,81.2,81.6,79.6,81.6,0.9,26,1.12
1150402,6796,晉弘,53989.0,3948281,75.8,75.8,72.0,72.2,-1.6,131,-2.17
1150402,6799,來頡,150014.0,11048271,74.6,74.6,73.2,73.8,-0.9,475,-1.2
1150402,6805,富世達,1699169.0,3289333900,1940.0,2005.0,1880.0,1885.0,-40.0,3587,-2.08
1150402,6806,森崴能源,694249.0,24125020,34.75,34.75,34.75,34.75,-3.85,837,-9.97
1150402,6807,峰源-KY,3000.0,126350,42.2,42.2,42.05,42.05,-0.3,3,-0.71
1150402,6830,汎銓,5759569.0,3198408320,533.0,565.0,533.0,565.0,51.0,12647,9.92
1150402,6831,邁科,1562545.0,619001833,403.0,411.5,386.0,386.5,0.0,3205,0.0
1150402,6834,天二科技,195922.0,6178396,32.0,32.5,31.25,31.3,-0.65,160,-2.03
1150402,6835,圓裕,226022.0,8406667,37.5,37.7,36.8,37.4,-0.1,125,-0.27
1150402,6838,台新藥,174910.0,4917219,28.3,28.4,27.85,27.95,-0.3,120,-1.06
1150402,6854,錼創科技-KY創,600835.0,84056738,142.0,142.5,138.0,139.0,-2.0,738,-1.42
1150402,6861,睿生光電,350711.0,46330375,132.5,136.5,129.0,129.0,-3.0,585,-2.27
1150402,6862,三集瑞-KY,344848.0,55183711,162.0,164.5,157.5,159.5,-2.0,474,-1.24
1150402,6863,永道-KY,69849.0,6282435,91.9,92.0,88.4,88.5,-1.9,135,-2.1
1150402,6869,雲豹能源,842967.0,72720587,88.7,89.0,85.0,85.0,-3.9,1650,-4.39
1150402,6873,泓德能源,750999.0,62222343,84.5,85.6,81.4,82.5,-1.7,856,-2.02
1150402,6885,全福生技,323340.0,8055812,24.45,25.35,24.25,25.05,0.7,435,2.87
1150402,6887,寶綠特-KY,100108.0,4433222,44.65,44.95,43.5,44.95,-0.55,84,-1.21
1150402,6890,來億-KY,673570.0,113416890,168.0,173.0,165.5,168.0,0.5,1067,0.3
1150402,6901,鑽石投資,404020.0,5728587,14.05,14.4,14.0,14.25,0.25,319,1.79
1150402,6902,GOGOLOOK,28605.0,2110537,74.5,74.5,73.3,74.0,-0.8,113,-1.07
1150402,6906,現觀科,20192.0,1368353,68.8,68.8,67.2,68.0,0.0,20,0.0
1150402,6908,宏碁遊戲-創,39200.0,1570524,41.05,41.05,39.55,39.55,-1.5,53,-3.65
1150402,6909,創控,3123931.0,151148000,47.7,48.45,47.0,48.45,4.4,1725,9.99
1150402,6914,阜爾運通,31798.0,4744488,149.5,150.5,148.0,148.5,0.0,205,0.0
1150402,6916,華凌,26070.0,451677,17.35,17.5,17.25,17.3,-0.2,26,-1.14
1150402,6918,愛派司,15100.0,1190340,78.4,79.5,78.0,78.5,0.1,16,0.13
1150402,6919,康霈*,47321422.0,4644830104,96.0,103.0,94.5,95.8,0.9,29532,0.95
1150402,6921,嘉雨思-創,14000.0,975300,70.0,70.1,69.2,70.1,-0.9,13,-1.27
1150402,6923,中台,182330.0,13679963,76.0,76.0,74.7,74.7,-0.9,315,-1.19
1150402,6924,榮惠-KY創,31000.0,2445400,79.7,80.5,76.5,79.5,-0.2,26,-0.25
1150402,6928,攸泰科技,60083.0,2839829,48.4,48.4,46.4,46.4,-0.9,55,-1.9
1150402,6931,青松健康,79269.0,3987914,50.5,50.8,49.8,50.5,-0.5,160,-0.98
1150402,6933,AMAX-KY,337257.0,45946923,131.0,139.5,127.0,139.5,12.5,484,9.84
1150402,6934,心誠鎂,652572.0,55434162,86.0,89.0,82.1,83.1,-2.0,495,-2.35
1150402,6936,永鴻生技,38008.0,1303673,34.65,34.7,34.05,34.5,-0.15,30,-0.43
1150402,6937,天虹,374148.0,91830223,249.0,251.5,240.5,240.5,-5.0,529,-2.04
1150402,6944,兆聯實業,852417.0,679267483,814.0,829.0,780.0,780.0,-30.0,2854,-3.7
1150402,6949,沛爾生醫-創,103713.0,58479366,578.0,578.0,556.0,562.0,-8.0,432,-1.4
1150402,6951,青新-創,18718.0,1471893,78.5,78.7,78.5,78.6,-0.2,33,-0.25
1150402,6952,大武山,3000.0,114700,38.3,38.35,38.05,38.05,-0.3,3,-0.78
1150402,6955,邦睿生技-創,11009.0,1793967,163.5,163.5,162.0,162.0,-1.5,18,-0.92
1150402,6957,裕慶-KY,40716.0,6385764,156.5,158.0,156.0,156.0,-4.5,240,-2.8
1150402,6958,日盛台駿,151424.0,2700864,17.9,18.0,17.6,17.95,0.0,148,0.0
1150402,6958A,日盛台駿甲特,5000.0,92500,18.5,18.5,18.5,18.5,0.05,3,0.27
1150402,6962,奕力-KY,2124569.0,69491976,33.5,33.65,32.45,32.6,-0.7,1350,-2.1
1150402,6965,中傑-KY,66601.0,5711584,84.7,86.3,84.4,86.1,0.0,146,0.0
1150402,6969,成信實業*-創,24000.0,678200,28.5,28.5,28.1,28.15,-0.45,17,-1.57
1150402,6988,威力暘-創,96235.0,1411776,14.0,15.35,14.0,15.35,0.4,44,2.68
1150402,6994,富威電力,2305492.0,153393007,69.3,70.4,65.6,65.6,-7.2,1836,-9.89
1150402,7610,聯友金屬-創,1131430.0,429278537,375.0,391.0,369.5,378.0,11.5,1875,3.14
1150402,7631,聚賢研發-創,34169.0,3831358,112.5,114.0,111.0,111.5,0.0,31,0.0
1150402,7705,三商餐飲,12775.0,443407,34.6,34.95,34.6,34.65,0.05,190,0.14
1150402,7711,永擎,154096.0,40689860,263.5,268.5,260.0,264.5,-1.0,311,-0.38
1150402,7721,微程式,1166046.0,91498441,78.0,80.8,77.0,77.6,0.7,985,0.91
1150402,7722,LINEPAY,133649.0,40154128,309.0,309.5,297.5,300.0,-6.5,1253,-2.12
1150402,7730,暉盛-創,71377.0,11830245,166.5,167.5,163.0,167.5,1.5,94,0.9
1150402,7732,金興精密,3002.0,103469,34.95,34.95,34.0,34.0,-0.95,4,-2.72
1150402,7736,虎山,14050.0,1133648,81.9,81.9,80.0,80.0,-1.9,13,-2.32
1150402,7740,熙特爾-創,143187.0,25373070,184.0,184.0,173.5,173.5,-5.0,154,-2.8
1150402,7749,意騰-KY,148089.0,52808929,365.5,365.5,353.5,355.0,-5.0,315,-1.39
1150402,7750,新代,204877.0,275491110,1360.0,1380.0,1320.0,1340.0,-15.0,692,-1.11
1150402,7765,中華資安,81614.0,18191020,228.5,228.5,219.0,220.0,-6.5,2858,-2.87
1150402,7769,鴻勁,1309214.0,5160472485,4000.0,4065.0,3810.0,3835.0,-20.0,6958,-0.52
1150402,7780,大研生醫*,7407595.0,162681459,20.7,22.25,20.55,22.25,2.0,2840,9.88
1150402,7786,東方風能,166253.0,21394254,130.5,130.5,127.5,128.0,-4.0,544,-3.03
1150402,7788,松川精密,189088.0,25102527,137.5,138.0,131.0,132.0,-5.5,786,-4.0
1150402,7791,皇家可口,52314.0,3420068,65.6,65.9,65.0,65.1,-0.2,89,-0.31
1150402,7795,長廣,432297.0,144785078,340.0,350.0,322.5,322.5,-17.0,1275,-5.01
1150402,7799,禾榮科,315910.0,109113788,346.5,353.5,339.5,341.0,-7.0,559,-2.01
1150402,7822,倍利科,1071121.0,1733101635,1555.0,1700.0,1520.0,1615.0,70.0,3952,4.53
1150402,7823,奧義賽博-KY創,2054.0,169326,82.4,82.5,82.4,82.5,0.3,8,0.36
1150402,8011,台通,965826.0,19455833,20.5,20.6,19.8,20.1,-0.45,585,-2.19
1150402,8016,矽創,403010.0,77216678,194.5,196.0,190.0,191.0,-3.5,737,-1.8
1150402,8021,尖點,13313455.0,3363868273,250.0,259.0,242.5,242.5,-5.5,12751,-2.22
1150402,8028,昇陽半導體,8528090.0,1485718164,179.0,180.5,170.0,170.0,-7.5,9717,-4.23
1150402,8033,雷虎,2281017.0,308688345,139.0,140.0,133.0,134.0,-5.0,2551,-3.6
1150402,8039,台虹,16524819.0,1979555766,111.5,122.0,111.5,122.0,11.0,12688,9.91
1150402,8045,達運光電,179639.0,13080128,75.5,75.5,72.1,72.2,-1.9,208,-2.56
1150402,8046,南電,46908295.0,27952637013,588.0,627.0,564.0,568.0,-6.0,46162,-1.05
1150402,8070,長華*,1496515.0,64271553,43.4,43.75,42.65,43.0,-0.35,952,-0.81
1150402,8072,陞泰,180547.0,4881322,28.25,28.25,26.6,26.7,-0.55,310,-2.02
1150402,8081,致新,269478.0,61852267,233.0,233.5,227.5,230.5,-1.5,1519,-0.65
1150402,8101,華冠,17665.0,243759,13.65,13.9,13.65,13.7,-0.7,28,-4.86
1150402,8103,瀚荃,492912.0,39382451,81.8,81.9,78.5,79.3,-1.4,937,-1.73
1150402,8104,錸寶,436671.0,14044241,33.0,33.0,32.0,32.0,-0.65,370,-1.99
1150402,8105,凌巨,2428683.0,31907526,13.05,13.35,12.95,13.15,0.25,1324,1.94
1150402,8110,華東,17086660.0,863122487,51.6,52.2,48.4,48.7,-2.2,10379,-4.32
1150402,8112,至上,7937133.0,603455652,78.5,78.8,74.1,75.0,-1.6,7935,-2.09
1150402,8112A,至上甲特,22301.0,1029446,46.2,46.2,46.1,46.2,0.1,14,0.22
1150402,8114,振樺電,257433.0,43128083,170.5,171.0,166.0,167.0,-2.5,1141,-1.47
1150402,8131,福懋科,2782016.0,167373773,61.5,62.0,58.9,58.9,-2.2,2540,-3.6
1150402,8150,南茂,8772457.0,496868474,57.0,57.7,55.6,56.7,1.2,6156,2.16
1150402,8162,微矽電子-創,35086.0,1352499,38.95,38.95,38.25,38.25,-0.45,32,-1.16
1150402,8163,達方,337654.0,9164735,27.4,27.5,27.0,27.0,-0.2,427,-0.74
1150402,8201,無敵,52314.0,653101,12.6,12.6,12.3,12.35,-0.15,53,-1.2
1150402,8210,勤誠,5623445.0,4897777746,910.0,910.0,840.0,841.0,-58.0,20793,-6.45
1150402,8213,志超,565065.0,18878633,33.7,34.4,32.9,33.3,-0.35,432,-1.04
1150402,8215,明基材,6834396.0,165860318,24.55,24.9,23.8,24.2,0.1,3655,0.41
1150402,8222,寶一,289498.0,10030882,35.2,35.35,34.2,34.2,-0.95,314,-2.7
1150402,8249,菱光,254274.0,12088745,48.5,48.7,47.0,47.0,-0.9,362,-1.88
1150402,8261,富鼎,1481869.0,148972351,99.9,102.0,99.3,100.5,1.2,1433,1.21
1150402,8271,宇瞻,1091301.0,158898668,146.5,147.5,142.0,145.5,2.5,1123,1.75
1150402,8341,日友,138443.0,10566535,76.5,76.7,76.0,76.2,-0.1,162,-0.13
1150402,8367,建新國際,15150.0,654127,43.1,43.3,43.1,43.1,-0.05,17,-0.12
1150402,8374,羅昇,202566.0,13288458,68.2,68.2,64.4,65.3,-2.1,259,-3.12
1150402,8404,百和興業-KY,322654.0,5860205,18.65,18.65,17.95,18.05,-0.5,201,-2.7
1150402,8411,福貞-KY,27377.0,334280,12.15,12.3,12.15,12.25,0.05,53,0.41
1150402,8422,可寧衛*,9346852.0,270267041,29.7,29.7,28.6,28.75,-0.5,6578,-1.71
1150402,8429,金麗-KY,148089.0,1010421,6.9,6.9,6.8,6.81,-0.07,231,-1.02
1150402,8438,昶昕,11027213.0,808636622,71.4,75.5,69.1,71.2,2.5,6662,3.64
1150402,8442,威宏-KY,12316.0,637606,53.4,53.4,51.3,51.7,0.0,18,0.0
1150402,8443,阿瘦,59308.0,713352,12.2,12.2,12.0,12.05,-0.05,155,-0.41
1150402,8454,富邦媒,281688.0,50856018,180.5,182.0,179.5,181.0,1.0,904,0.56
1150402,8462,柏文,55742.0,7811072,139.0,142.0,138.5,138.5,-2.5,510,-1.77
1150402,8463,潤泰材,78025.0,1735332,22.1,22.35,22.1,22.2,-0.1,49,-0.45
1150402,8464,億豐,1385984.0,465723473,345.0,345.0,334.0,337.0,-9.0,1117,-2.6
1150402,8466,美吉吉-KY,20100.0,367439,18.6,18.6,18.05,18.25,-0.15,15,-0.82
1150402,8467,波力-KY,13390.0,1969344,150.5,150.5,146.0,148.0,1.0,25,0.68
1150402,8473,山林水,318502.0,12057084,38.3,38.35,37.5,37.7,-0.15,327,-0.4
1150402,8476,台境*,322846.0,6040631,19.0,19.15,18.5,18.5,-0.45,255,-2.37
1150402,8478,東哥遊艇,93104.0,14704384,159.5,160.5,156.0,156.0,-2.5,172,-1.58
1150402,8481,政伸,10000.0,420200,42.0,42.1,42.0,42.1,0.3,9,0.72
1150402,8482,商億-KY,7000.0,331350,46.85,48.15,46.85,47.0,-0.35,7,-0.74
1150402,8487,愛爾達-創,9857.0,791873,79.5,81.0,79.5,80.4,1.4,43,1.77
1150402,8488,吉源-KY,3000.0,29360,9.82,9.82,9.77,9.77,-0.05,3,-0.51
1150402,8499,鼎炫-KY,98803.0,25164412,265.0,265.0,248.5,254.0,-6.0,311,-2.31
1150402,8926,台汽電,1389137.0,60168111,43.7,43.8,43.0,43.45,-0.2,1147,-0.46
1150402,8940,新天地,28229.0,521199,18.85,18.85,18.25,18.4,0.1,58,0.55
1150402,8996,高力,4300820.0,3864658750,915.0,936.0,865.0,866.0,-42.0,6786,-4.63
1150402,9103,美德醫療-DR,503878.0,2587521,5.22,5.22,5.1,5.13,-0.07,212,-1.35
1150402,910322,康師傅-DR,34700.0,926277,26.6,26.75,26.45,26.75,0.3,57,1.13
1150402,9105,泰金寶-DR,7408993.0,41300988,5.62,5.67,5.53,5.54,-0.01,1254,-0.18
1150402,910861,神州-DR,394003.0,1745262,4.43,4.44,4.36,4.43,0.0,11,0.0
1150402,9110,越南控-DR,25000.0,75800,3.08,3.14,3.0,3.1,0.0,12,0.0
1150402,911608,明輝-DR,32000.0,92950,2.92,2.92,2.9,2.92,-0.04,12,-1.35
1150402,911622,泰聚亨-DR,3000.0,11800,3.86,3.97,3.86,3.97,0.0,3,0.0
1150402,911868,同方友友-DR,61020.0,75684,1.24,1.25,1.23,1.25,0.01,25,0.81
1150402,912000,晨訊科-DR,82000.0,205270,2.52,2.52,2.5,2.51,0.0,29,0.0
1150402,9136,巨騰-DR,1086271.0,9464279,8.88,8.88,8.61,8.7,0.0,294,0.0
1150402,9802,鈺齊-KY,1456493.0,111293661,78.2,78.4,75.5,76.8,-1.4,1391,-1.79
1150402,9902,台火,124150.0,1771287,14.45,14.45,14.2,14.2,-0.1,133,-0.7
1150402,9904,寶成,5987253.0,170773922,28.85,28.85,28.4,28.45,-0.4,3278,-1.39
1150402,9905,大華,59681.0,1257561,21.45,21.5,21.0,21.05,-0.25,49,-1.17
1150402,9906,欣巴巴,50918.0,2090865,42.5,42.5,40.25,41.2,-0.35,123,-0.84
1150402,9907,統一實,1443763.0,26788483,18.75,18.75,18.45,18.5,-0.15,933,-0.8
1150402,9908,大台北,292487.0,8755798,29.95,30.0,29.85,29.9,0.05,233,0.17
1150402,9910,豐泰,2078819.0,164855610,81.1,81.1,78.8,79.0,-2.7,2015,-3.3
1150402,9911,櫻花,363383.0,30716534,84.7,85.3,83.9,84.6,0.1,571,0.12
1150402,9912,偉聯,205891.0,2595439,12.65,12.8,12.4,12.8,0.1,461,0.79
1150402,9914,美利達,1986645.0,127687595,65.2,65.4,63.8,64.6,-0.9,1968,-1.37
1150402,9917,中保科,484619.0,55994313,116.0,116.0,114.5,115.5,0.0,545,0.0
1150402,9918,欣天然,482702.0,22473220,45.6,47.7,45.0,46.5,0.1,510,0.22
1150402,9919,康那香,248397.0,3876401,15.75,15.75,15.55,15.65,0.0,363,0.0
1150402,9921,巨大,1233185.0,87463092,71.6,71.8,70.3,71.1,-0.5,1331,-0.7
1150402,9924,福興,194211.0,8749776,45.35,45.35,44.8,45.05,-0.3,372,-0.66
1150402,9925,新保,119959.0,4884483,40.65,40.8,40.65,40.8,0.0,116,0.0
1150402,9926,新海,36337.0,1806906,49.7,49.8,49.7,49.7,0.05,31,0.1
1150402,9927,泰銘,83624.0,5711092,68.1,69.0,67.8,68.2,0.0,166,0.0
1150402,9928,中視,111371.0,2002717,17.8,18.15,17.8,17.9,-0.1,78,-0.56
1150402,9929,秋雨,91411.0,1187055,12.8,13.4,12.65,12.7,0.0,80,0.0
1150402,9930,中聯資源,24620.0,1731268,70.1,70.5,70.1,70.3,0.0,133,0.0
1150402,9931,欣高,199749.0,7402094,36.7,37.8,36.3,37.3,0.6,225,1.63
1150402,9933,中鼎,4752354.0,167319229,35.7,36.0,34.6,35.65,0.15,3536,0.42
1150402,9934,成霖,570439.0,5334317,9.41,9.42,9.31,9.35,-0.05,237,-0.53
1150402,9935,慶豐富,95275.0,1820064,19.35,19.35,19.0,19.05,-0.1,84,-0.52
1150402,9937,全國,50013.0,2819835,56.3,56.5,56.2,56.5,-0.1,39,-0.18
1150402,9938,百和,1561331.0,71962366,46.9,46.9,45.85,45.9,-0.75,1642,-1.61
1150402,9939,宏全,477431.0,55832137,117.0,118.5,116.0,116.0,-1.0,624,-0.85
1150402,9940,信義,183228.0,3655288,20.05,20.1,19.85,20.0,-0.05,183,-0.25
1150402,9941,裕融,1288397.0,97883811,77.2,77.2,75.7,76.1,-0.7,1363,-0.91
1150402,9941A,裕融甲特,5706.0,289508,50.7,50.8,50.7,50.8,0.2,12,0.4
1150402,9942,茂順,62955.0,7229242,114.5,115.5,114.5,115.0,0.5,71,0.44
1150402,9943,好樂迪,36690.0,2121648,57.9,58.4,57.5,57.6,-0.3,60,-0.52
1150402,9944,新麗,42664.0,693196,16.2,16.4,16.2,16.4,0.2,56,1.23
1150402,9945,潤泰新,2908810.0,73957120,25.6,25.65,25.3,25.4,-0.2,1678,-0.78
1150402,9946,三發地產,304658.0,5257383,17.6,17.6,17.05,17.1,-0.5,211,-2.84
1150402,9955,佳龍,319472.0,9886217,31.9,31.95,30.45,30.45,-0.85,356,-2.72
1150402,9958,世紀鋼,5589406.0,586148493,113.0,113.5,101.5,103.0,-9.5,5099,-8.44
